"Category","Impact","Risk","Problem","Solution","ImpactedField","ImpactedValue","ResourceId","ResourceName","ResourceType","ResourceGroupName","LastUpdated","RecommendationId","Id"
"Security","Medium",,"Email notification to subscription owner for high severity alerts should be enabled","Email notification to subscription owner for high severity alerts should be enabled","Microsoft.Subscriptions/subscriptions","1acecba7-23bd-4d4d-9770-0b11998514dc","/subscriptions/1acecba7-23bd-4d4d-9770-0b11998514dc","1acecba7-23bd-4d4d-9770-0b11998514dc","Microsoft.Subscriptions/subscriptions","","05/15/2026 13:58:53","aaa34532f4e6bcaa6ff8fdd22530b9551a37638c94ffa6722356bf1704832f21","/subscriptions/1acecba7-23bd-4d4d-9770-0b11998514dc/providers/Microsoft.Advisor/recommendations/aaa34532f4e6bcaa6ff8fdd22530b9551a37638c94ffa6722356bf1704832f21"
"Security","Low",,"Email notification for high severity alerts should be enabled","Email notification for high severity alerts should be enabled","Microsoft.Subscriptions/subscriptions","1acecba7-23bd-4d4d-9770-0b11998514dc","/subscriptions/1acecba7-23bd-4d4d-9770-0b11998514dc","1acecba7-23bd-4d4d-9770-0b11998514dc","Microsoft.Subscriptions/subscriptions","","06/01/2026 15:00:23","1425a61424040be698b514d71c9aaece79a541147d1ea9bcd7df0bfc52abf6f6","/subscriptions/1acecba7-23bd-4d4d-9770-0b11998514dc/providers/Microsoft.Advisor/recommendations/1425a61424040be698b514d71c9aaece79a541147d1ea9bcd7df0bfc52abf6f6"
"HighAvailability","High",,"Create an Azure Service Health alert","Create an Azure Service Health alert","Microsoft.Subscriptions/subscriptions","1acecba7-23bd-4d4d-9770-0b11998514dc","/subscriptions/1acecba7-23bd-4d4d-9770-0b11998514dc","1acecba7-23bd-4d4d-9770-0b11998514dc","Microsoft.Subscriptions/subscriptions","","05/19/2026 22:34:37","507cb0e4224f6f82868ca53e25e1f7ccb6fb6e58a52cf4ef29b7967f43eaa39a","/subscriptions/1acecba7-23bd-4d4d-9770-0b11998514dc/providers/Microsoft.Advisor/recommendations/507cb0e4224f6f82868ca53e25e1f7ccb6fb6e58a52cf4ef29b7967f43eaa39a"
"Security","Low",,"Subscriptions should have a contact email address for security issues","Subscriptions should have a contact email address for security issues","Microsoft.Subscriptions/subscriptions","1acecba7-23bd-4d4d-9770-0b11998514dc","/subscriptions/1acecba7-23bd-4d4d-9770-0b11998514dc","1acecba7-23bd-4d4d-9770-0b11998514dc","Microsoft.Subscriptions/subscriptions","","06/06/2026 13:15:18","19cb84c8b040f7e268d23b27fa1fc7474d88f04b6e3abf904385c4adbdcf5666","/subscriptions/1acecba7-23bd-4d4d-9770-0b11998514dc/providers/Microsoft.Advisor/recommendations/19cb84c8b040f7e268d23b27fa1fc7474d88f04b6e3abf904385c4adbdcf5666"
"HighAvailability","High",,"Enable zone redundancy for storage accounts to improve high availability and resiliency","Enable zone redundancy for storage accounts to improve high availability and resiliency","MICROSOFT.STORAGE/STORAGEACCOUNTS","mcaps97700b11998514dc","/subscriptions/1acecba7-23bd-4d4d-9770-0b11998514dc/resourcegroups/mcapsgovernance/providers/microsoft.storage/storageaccounts/mcaps97700b11998514dc","mcaps97700b11998514dc","MICROSOFT.STORAGE/STORAGEACCOUNTS","mcapsgovernance","06/01/2026 00:55:16","28a8be166f80448519730bbdc18dccff425f6ec8ab73614b10e6860df7d61107","/subscriptions/1acecba7-23bd-4d4d-9770-0b11998514dc/resourcegroups/mcapsgovernance/providers/microsoft.storage/storageaccounts/mcaps97700b11998514dc/providers/Microsoft.Advisor/recommendations/28a8be166f80448519730bbdc18dccff425f6ec8ab73614b10e6860df7d61107"
"Security","Medium",,"Storage accounts should restrict network access using virtual network rules","Storage accounts should restrict network access using virtual network rules","Microsoft.Storage/storageAccounts","mcaps97700b11998514dc","/subscriptions/1acecba7-23bd-4d4d-9770-0b11998514dc/resourcegroups/mcapsgovernance/providers/microsoft.storage/storageaccounts/mcaps97700b11998514dc","mcaps97700b11998514dc","Microsoft.Storage/storageAccounts","mcapsgovernance","05/17/2026 22:25:07","4742e4977b210e5f742882f12980c49e8c14625a6980d2efcfcf8d3b5e990572","/subscriptions/1acecba7-23bd-4d4d-9770-0b11998514dc/resourcegroups/mcapsgovernance/providers/microsoft.storage/storageaccounts/mcaps97700b11998514dc/providers/Microsoft.Advisor/recommendations/4742e4977b210e5f742882f12980c49e8c14625a6980d2efcfcf8d3b5e990572"
"Security","Medium",,"Storage account should use a private link connection","Storage account should use a private link connection","Microsoft.Storage/storageAccounts","mcaps97700b11998514dc","/subscriptions/1acecba7-23bd-4d4d-9770-0b11998514dc/resourcegroups/mcapsgovernance/providers/microsoft.storage/storageaccounts/mcaps97700b11998514dc","mcaps97700b11998514dc","Microsoft.Storage/storageAccounts","mcapsgovernance","05/20/2026 07:11:28","74709f9dcae93a18d7005957c99fd85135c8157d212ae114d41c97717a8f9802","/subscriptions/1acecba7-23bd-4d4d-9770-0b11998514dc/resourcegroups/mcapsgovernance/providers/microsoft.storage/storageaccounts/mcaps97700b11998514dc/providers/Microsoft.Advisor/recommendations/74709f9dcae93a18d7005957c99fd85135c8157d212ae114d41c97717a8f9802"
"Security","Low",,"Access to storage accounts with firewall and virtual network configurations should be restricted","Access to storage accounts with firewall and virtual network configurations should be restricted","Microsoft.Storage/storageAccounts","mcaps97700b11998514dc","/subscriptions/1acecba7-23bd-4d4d-9770-0b11998514dc/resourcegroups/mcapsgovernance/providers/microsoft.storage/storageaccounts/mcaps97700b11998514dc","mcaps97700b11998514dc","Microsoft.Storage/storageAccounts","mcapsgovernance","05/20/2026 14:01:04","5b1aac3298355be0d3ff3ac6eb342242af79c51666ed0dca7270935bf266d692","/subscriptions/1acecba7-23bd-4d4d-9770-0b11998514dc/resourcegroups/mcapsgovernance/providers/microsoft.storage/storageaccounts/mcaps97700b11998514dc/providers/Microsoft.Advisor/recommendations/5b1aac3298355be0d3ff3ac6eb342242af79c51666ed0dca7270935bf266d692"
"Security","High",,"Service Principals should not be assigned with administrative roles at the subscription and resource group level","Service Principals should not be assigned with administrative roles at the subscription and resource group level","Microsoft.Subscriptions/subscriptions","7d2b69ae-0735-4d79-a919-08568005bdc2","/subscriptions/1acecba7-23bd-4d4d-9770-0b11998514dc/providers/microsoft.security/pricings/cloudposture/securityentitydata/7d2b69ae-0735-4d79-a919-08568005bdc2","7d2b69ae-0735-4d79-a919-08568005bdc2","Microsoft.Subscriptions/subscriptions","","06/04/2026 02:34:17","9983373867503b01a2984b12e4585de3c7fed12de88e9ab11e128a3a9d6a513e","/subscriptions/1acecba7-23bd-4d4d-9770-0b11998514dc/providers/microsoft.security/pricings/cloudposture/securityentitydata/7d2b69ae-0735-4d79-a919-08568005bdc2/providers/Microsoft.Advisor/recommendations/9983373867503b01a2984b12e4585de3c7fed12de88e9ab11e128a3a9d6a513e"
"Security","High",,"Service Principals should not be assigned with administrative roles at the subscription and resource group level","Service Principals should not be assigned with administrative roles at the subscription and resource group level","Microsoft.Subscriptions/subscriptions","d901980f-43b1-42fb-895a-3e69530491eb","/subscriptions/1acecba7-23bd-4d4d-9770-0b11998514dc/providers/microsoft.security/pricings/cloudposture/securityentitydata/d901980f-43b1-42fb-895a-3e69530491eb","d901980f-43b1-42fb-895a-3e69530491eb","Microsoft.Subscriptions/subscriptions","","06/04/2026 02:34:17","6b06069c362d124ff72e56efcc330908bd29b147e45dc58bc89900a5662ea5ba","/subscriptions/1acecba7-23bd-4d4d-9770-0b11998514dc/providers/microsoft.security/pricings/cloudposture/securityentitydata/d901980f-43b1-42fb-895a-3e69530491eb/providers/Microsoft.Advisor/recommendations/6b06069c362d124ff72e56efcc330908bd29b147e45dc58bc89900a5662ea5ba"
"Security","High",,"Privileged roles should not have permanent access at the subscription and resource group level","Privileged roles should not have permanent access at the subscription and resource group level","Microsoft.Subscriptions/subscriptions","14f720fd-fd42-429c-b3e1-b865c7f3bf93","/subscriptions/1acecba7-23bd-4d4d-9770-0b11998514dc/providers/microsoft.security/pricings/cloudposture/securityentitydata/14f720fd-fd42-429c-b3e1-b865c7f3bf93","14f720fd-fd42-429c-b3e1-b865c7f3bf93","Microsoft.Subscriptions/subscriptions","","06/04/2026 09:40:18","49f2c464f6896833bc44809d7676f325f60482888ba62f35484ae946bf06cdaa","/subscriptions/1acecba7-23bd-4d4d-9770-0b11998514dc/providers/microsoft.security/pricings/cloudposture/securityentitydata/14f720fd-fd42-429c-b3e1-b865c7f3bf93/providers/Microsoft.Advisor/recommendations/49f2c464f6896833bc44809d7676f325f60482888ba62f35484ae946bf06cdaa"
"OperationalExcellence","High",,"Enable Trusted Launch foundational excellence, and modern security for Existing Generation 2 VM(s)","Enable Trusted Launch foundational excellence, and modern security for Existing Generation 2 VM(s)","MICROSOFT.COMPUTE/VIRTUALMACHINES","vm-demo-app-01","/subscriptions/1acecba7-23bd-4d4d-9770-0b11998514dc/resourcegroups/rg-inventory-demo/providers/microsoft.compute/virtualmachines/vm-demo-app-01","vm-demo-app-01","MICROSOFT.COMPUTE/VIRTUALMACHINES","rg-inventory-demo","06/08/2026 09:51:26","c07e4486077b6496c4b66ca3a7401a07617ed6dbcf2c3106b34e5856bfa13841","/subscriptions/1acecba7-23bd-4d4d-9770-0b11998514dc/resourcegroups/rg-inventory-demo/providers/microsoft.compute/virtualmachines/vm-demo-app-01/providers/Microsoft.Advisor/recommendations/c07e4486077b6496c4b66ca3a7401a07617ed6dbcf2c3106b34e5856bfa13841"
"OperationalExcellence","High",,"Enable Trusted Launch foundational excellence, and modern security for Existing Generation 2 VM(s)","Enable Trusted Launch foundational excellence, and modern security for Existing Generation 2 VM(s)","MICROSOFT.COMPUTE/VIRTUALMACHINES","vm-demo-app-02","/subscriptions/1acecba7-23bd-4d4d-9770-0b11998514dc/resourcegroups/rg-inventory-demo/providers/microsoft.compute/virtualmachines/vm-demo-app-02","vm-demo-app-02","MICROSOFT.COMPUTE/VIRTUALMACHINES","rg-inventory-demo","06/08/2026 09:51:26","95f03ce0b0b1cbe264bc96ba1e7b48aa095f0d17c455a0c5255fbc67293ab4f9","/subscriptions/1acecba7-23bd-4d4d-9770-0b11998514dc/resourcegroups/rg-inventory-demo/providers/microsoft.compute/virtualmachines/vm-demo-app-02/providers/Microsoft.Advisor/recommendations/95f03ce0b0b1cbe264bc96ba1e7b48aa095f0d17c455a0c5255fbc67293ab4f9"
"OperationalExcellence","High",,"Enable Trusted Launch foundational excellence, and modern security for Existing Generation 2 VM(s)","Enable Trusted Launch foundational excellence, and modern security for Existing Generation 2 VM(s)","MICROSOFT.COMPUTE/VIRTUALMACHINES","vm-demo-db-01","/subscriptions/1acecba7-23bd-4d4d-9770-0b11998514dc/resourcegroups/rg-inventory-demo/providers/microsoft.compute/virtualmachines/vm-demo-db-01","vm-demo-db-01","MICROSOFT.COMPUTE/VIRTUALMACHINES","rg-inventory-demo","06/08/2026 09:51:25","f73043d6f46fb3b7a779443a6b0b083dabba851910b6fefd26eee48694c10573","/subscriptions/1acecba7-23bd-4d4d-9770-0b11998514dc/resourcegroups/rg-inventory-demo/providers/microsoft.compute/virtualmachines/vm-demo-db-01/providers/Microsoft.Advisor/recommendations/f73043d6f46fb3b7a779443a6b0b083dabba851910b6fefd26eee48694c10573"
"OperationalExcellence","High",,"Enable Trusted Launch foundational excellence, and modern security for Existing Generation 2 VM(s)","Enable Trusted Launch foundational excellence, and modern security for Existing Generation 2 VM(s)","MICROSOFT.COMPUTE/VIRTUALMACHINES","vm-demo-web-01","/subscriptions/1acecba7-23bd-4d4d-9770-0b11998514dc/resourcegroups/rg-inventory-demo/providers/microsoft.compute/virtualmachines/vm-demo-web-01","vm-demo-web-01","MICROSOFT.COMPUTE/VIRTUALMACHINES","rg-inventory-demo","06/08/2026 09:51:28","a2096d50cc72b5e0500ae4801b6561b1b5fdc051be8393694510bf6f7a4660b9","/subscriptions/1acecba7-23bd-4d4d-9770-0b11998514dc/resourcegroups/rg-inventory-demo/providers/microsoft.compute/virtualmachines/vm-demo-web-01/providers/Microsoft.Advisor/recommendations/a2096d50cc72b5e0500ae4801b6561b1b5fdc051be8393694510bf6f7a4660b9"
"OperationalExcellence","High",,"Enable Trusted Launch foundational excellence, and modern security for Existing Generation 2 VM(s)","Enable Trusted Launch foundational excellence, and modern security for Existing Generation 2 VM(s)","MICROSOFT.COMPUTE/VIRTUALMACHINES","vm-demo-mgmt-01","/subscriptions/1acecba7-23bd-4d4d-9770-0b11998514dc/resourcegroups/rg-inventory-demo/providers/microsoft.compute/virtualmachines/vm-demo-mgmt-01","vm-demo-mgmt-01","MICROSOFT.COMPUTE/VIRTUALMACHINES","rg-inventory-demo","06/08/2026 09:51:31","713dff82710f26b690b2c85a76d31505c9143af6fd3bfdfba12a0c7a6bc0dd0d","/subscriptions/1acecba7-23bd-4d4d-9770-0b11998514dc/resourcegroups/rg-inventory-demo/providers/microsoft.compute/virtualmachines/vm-demo-mgmt-01/providers/Microsoft.Advisor/recommendations/713dff82710f26b690b2c85a76d31505c9143af6fd3bfdfba12a0c7a6bc0dd0d"
"OperationalExcellence","Medium",,"Enable VM Insights for virtual machines","Enable VM Insights for virtual machines","MICROSOFT.COMPUTE/VIRTUALMACHINES","vm-demo-web-01","/subscriptions/1acecba7-23bd-4d4d-9770-0b11998514dc/resourcegroups/rg-inventory-demo/providers/microsoft.compute/virtualmachines/vm-demo-web-01","vm-demo-web-01","MICROSOFT.COMPUTE/VIRTUALMACHINES","rg-inventory-demo","06/08/2026 10:53:39","e50b2b88c4619f220cf038d2e28c6378e1588f6923c6c39de2e78a84bb8d24d4","/subscriptions/1acecba7-23bd-4d4d-9770-0b11998514dc/resourcegroups/rg-inventory-demo/providers/microsoft.compute/virtualmachines/vm-demo-web-01/providers/Microsoft.Advisor/recommendations/e50b2b88c4619f220cf038d2e28c6378e1588f6923c6c39de2e78a84bb8d24d4"
"OperationalExcellence","Medium",,"Enable VM Insights for virtual machines","Enable VM Insights for virtual machines","MICROSOFT.COMPUTE/VIRTUALMACHINES","vm-demo-app-01","/subscriptions/1acecba7-23bd-4d4d-9770-0b11998514dc/resourcegroups/rg-inventory-demo/providers/microsoft.compute/virtualmachines/vm-demo-app-01","vm-demo-app-01","MICROSOFT.COMPUTE/VIRTUALMACHINES","rg-inventory-demo","06/08/2026 10:53:44","9541d122a398e088d20f85aa00f6436f3e46b97be5674baede86c80eb267698e","/subscriptions/1acecba7-23bd-4d4d-9770-0b11998514dc/resourcegroups/rg-inventory-demo/providers/microsoft.compute/virtualmachines/vm-demo-app-01/providers/Microsoft.Advisor/recommendations/9541d122a398e088d20f85aa00f6436f3e46b97be5674baede86c80eb267698e"
"OperationalExcellence","Medium",,"Enable VM Insights for virtual machines","Enable VM Insights for virtual machines","MICROSOFT.COMPUTE/VIRTUALMACHINES","vm-demo-app-02","/subscriptions/1acecba7-23bd-4d4d-9770-0b11998514dc/resourcegroups/rg-inventory-demo/providers/microsoft.compute/virtualmachines/vm-demo-app-02","vm-demo-app-02","MICROSOFT.COMPUTE/VIRTUALMACHINES","rg-inventory-demo","06/08/2026 10:55:45","a2db43b131dbf72c663b11542e64f39755aead2401a589f2365ac9463f05f0d1","/subscriptions/1acecba7-23bd-4d4d-9770-0b11998514dc/resourcegroups/rg-inventory-demo/providers/microsoft.compute/virtualmachines/vm-demo-app-02/providers/Microsoft.Advisor/recommendations/a2db43b131dbf72c663b11542e64f39755aead2401a589f2365ac9463f05f0d1"
"OperationalExcellence","Medium",,"Enable VM Insights for virtual machines","Enable VM Insights for virtual machines","MICROSOFT.COMPUTE/VIRTUALMACHINES","vm-demo-db-01","/subscriptions/1acecba7-23bd-4d4d-9770-0b11998514dc/resourcegroups/rg-inventory-demo/providers/microsoft.compute/virtualmachines/vm-demo-db-01","vm-demo-db-01","MICROSOFT.COMPUTE/VIRTUALMACHINES","rg-inventory-demo","06/08/2026 10:53:57","3f13e1a836f85d2755115135083e255f627b17f8e7e351b14642054e93e2f4d1","/subscriptions/1acecba7-23bd-4d4d-9770-0b11998514dc/resourcegroups/rg-inventory-demo/providers/microsoft.compute/virtualmachines/vm-demo-db-01/providers/Microsoft.Advisor/recommendations/3f13e1a836f85d2755115135083e255f627b17f8e7e351b14642054e93e2f4d1"
"Security","Medium",,"Machines should have a vulnerability assessment solution","Machines should have a vulnerability assessment solution","Microsoft.Compute/virtualMachines","vm-demo-mgmt-01","/subscriptions/1acecba7-23bd-4d4d-9770-0b11998514dc/resourcegroups/rg-inventory-demo/providers/microsoft.compute/virtualmachines/vm-demo-mgmt-01","vm-demo-mgmt-01","Microsoft.Compute/virtualMachines","rg-inventory-demo","07/11/2026 11:04:01","c43dbb3e38bd646a5de95aae878d3a3bf3472da6ed743cd2daebc194d39704d9","/subscriptions/1acecba7-23bd-4d4d-9770-0b11998514dc/resourcegroups/rg-inventory-demo/providers/microsoft.compute/virtualmachines/vm-demo-mgmt-01/providers/Microsoft.Advisor/recommendations/c43dbb3e38bd646a5de95aae878d3a3bf3472da6ed743cd2daebc194d39704d9"
"Security","Medium",,"Machines should have a vulnerability assessment solution","Machines should have a vulnerability assessment solution","Microsoft.Compute/virtualMachines","vm-demo-web-01","/subscriptions/1acecba7-23bd-4d4d-9770-0b11998514dc/resourcegroups/rg-inventory-demo/providers/microsoft.compute/virtualmachines/vm-demo-web-01","vm-demo-web-01","Microsoft.Compute/virtualMachines","rg-inventory-demo","07/11/2026 11:04:04","aafe15f92e4321cd11f98476dbcfad996b0a094d3845b046053a59b826006a39","/subscriptions/1acecba7-23bd-4d4d-9770-0b11998514dc/resourcegroups/rg-inventory-demo/providers/microsoft.compute/virtualmachines/vm-demo-web-01/providers/Microsoft.Advisor/recommendations/aafe15f92e4321cd11f98476dbcfad996b0a094d3845b046053a59b826006a39"
"Security","Medium",,"Machines should have a vulnerability assessment solution","Machines should have a vulnerability assessment solution","Microsoft.Compute/virtualMachines","vm-demo-db-01","/subscriptions/1acecba7-23bd-4d4d-9770-0b11998514dc/resourcegroups/rg-inventory-demo/providers/microsoft.compute/virtualmachines/vm-demo-db-01","vm-demo-db-01","Microsoft.Compute/virtualMachines","rg-inventory-demo","07/11/2026 23:15:40","d1d5141a1715d4588dbbb5e704fcf58f4eff91d94df5aa7553301b3b6f34b2c6","/subscriptions/1acecba7-23bd-4d4d-9770-0b11998514dc/resourcegroups/rg-inventory-demo/providers/microsoft.compute/virtualmachines/vm-demo-db-01/providers/Microsoft.Advisor/recommendations/d1d5141a1715d4588dbbb5e704fcf58f4eff91d94df5aa7553301b3b6f34b2c6"
"OperationalExcellence","Medium",,"Enable VM Insights for virtual machines","Enable VM Insights for virtual machines","MICROSOFT.COMPUTE/VIRTUALMACHINES","vm-demo-mgmt-01","/subscriptions/1acecba7-23bd-4d4d-9770-0b11998514dc/resourcegroups/rg-inventory-demo/providers/microsoft.compute/virtualmachines/vm-demo-mgmt-01","vm-demo-mgmt-01","MICROSOFT.COMPUTE/VIRTUALMACHINES","rg-inventory-demo","06/08/2026 10:56:28","dd8e3cbe78f11f83bf62e2ba45f543ae2749deded5613e92abde5937845ee21b","/subscriptions/1acecba7-23bd-4d4d-9770-0b11998514dc/resourcegroups/rg-inventory-demo/providers/microsoft.compute/virtualmachines/vm-demo-mgmt-01/providers/Microsoft.Advisor/recommendations/dd8e3cbe78f11f83bf62e2ba45f543ae2749deded5613e92abde5937845ee21b"
"Security","Medium",,"Machines should have a vulnerability assessment solution","Machines should have a vulnerability assessment solution","Microsoft.Compute/virtualMachines","vm-demo-app-01","/subscriptions/1acecba7-23bd-4d4d-9770-0b11998514dc/resourcegroups/rg-inventory-demo/providers/microsoft.compute/virtualmachines/vm-demo-app-01","vm-demo-app-01","Microsoft.Compute/virtualMachines","rg-inventory-demo","07/11/2026 23:16:05","55c22ae6b413ce147808527e66b9872f7fe3d250eee8eab59fd00243ddb8a22b","/subscriptions/1acecba7-23bd-4d4d-9770-0b11998514dc/resourcegroups/rg-inventory-demo/providers/microsoft.compute/virtualmachines/vm-demo-app-01/providers/Microsoft.Advisor/recommendations/55c22ae6b413ce147808527e66b9872f7fe3d250eee8eab59fd00243ddb8a22b"
"HighAvailability","Medium",,"Migrate workload to Virtual Machine Scale Sets Flex","Migrate workload to Virtual Machine Scale Sets Flex","MICROSOFT.COMPUTE/VIRTUALMACHINES","vm-demo-app-02","/subscriptions/1acecba7-23bd-4d4d-9770-0b11998514dc/resourcegroups/rg-inventory-demo/providers/microsoft.compute/virtualmachines/vm-demo-app-02","vm-demo-app-02","MICROSOFT.COMPUTE/VIRTUALMACHINES","rg-inventory-demo","07/19/2026 15:36:08","6f81b38528d86aa60784eecdcfc449a1e80267abfd1d4f0a38f279b2666c490c","/subscriptions/1acecba7-23bd-4d4d-9770-0b11998514dc/resourcegroups/rg-inventory-demo/providers/microsoft.compute/virtualmachines/vm-demo-app-02/providers/Microsoft.Advisor/recommendations/6f81b38528d86aa60784eecdcfc449a1e80267abfd1d4f0a38f279b2666c490c"
"HighAvailability","Medium",,"Migrate workload to Virtual Machine Scale Sets Flex","Migrate workload to Virtual Machine Scale Sets Flex","MICROSOFT.COMPUTE/VIRTUALMACHINES","vm-demo-mgmt-01","/subscriptions/1acecba7-23bd-4d4d-9770-0b11998514dc/resourcegroups/rg-inventory-demo/providers/microsoft.compute/virtualmachines/vm-demo-mgmt-01","vm-demo-mgmt-01","MICROSOFT.COMPUTE/VIRTUALMACHINES","rg-inventory-demo","06/08/2026 15:15:17","ec926c06b0c3fd382d0475ff51ef6908c7ae0167367c9749a64977a90c372c52","/subscriptions/1acecba7-23bd-4d4d-9770-0b11998514dc/resourcegroups/rg-inventory-demo/providers/microsoft.compute/virtualmachines/vm-demo-mgmt-01/providers/Microsoft.Advisor/recommendations/ec926c06b0c3fd382d0475ff51ef6908c7ae0167367c9749a64977a90c372c52"
"HighAvailability","Medium",,"Migrate workload to Virtual Machine Scale Sets Flex","Migrate workload to Virtual Machine Scale Sets Flex","MICROSOFT.COMPUTE/VIRTUALMACHINES","vm-demo-web-01","/subscriptions/1acecba7-23bd-4d4d-9770-0b11998514dc/resourcegroups/rg-inventory-demo/providers/microsoft.compute/virtualmachines/vm-demo-web-01","vm-demo-web-01","MICROSOFT.COMPUTE/VIRTUALMACHINES","rg-inventory-demo","06/08/2026 15:18:24","782f8448a15661852f520335fdbae27cea06de8e03366971093f7453f00396b4","/subscriptions/1acecba7-23bd-4d4d-9770-0b11998514dc/resourcegroups/rg-inventory-demo/providers/microsoft.compute/virtualmachines/vm-demo-web-01/providers/Microsoft.Advisor/recommendations/782f8448a15661852f520335fdbae27cea06de8e03366971093f7453f00396b4"
"HighAvailability","Medium",,"Migrate workload to Virtual Machine Scale Sets Flex","Migrate workload to Virtual Machine Scale Sets Flex","MICROSOFT.COMPUTE/VIRTUALMACHINES","vm-demo-db-01","/subscriptions/1acecba7-23bd-4d4d-9770-0b11998514dc/resourcegroups/rg-inventory-demo/providers/microsoft.compute/virtualmachines/vm-demo-db-01","vm-demo-db-01","MICROSOFT.COMPUTE/VIRTUALMACHINES","rg-inventory-demo","06/08/2026 15:17:28","19f1dc558d06818e89721eca2622cb890305c74e7c6d3cc2eb76015571fb5790","/subscriptions/1acecba7-23bd-4d4d-9770-0b11998514dc/resourcegroups/rg-inventory-demo/providers/microsoft.compute/virtualmachines/vm-demo-db-01/providers/Microsoft.Advisor/recommendations/19f1dc558d06818e89721eca2622cb890305c74e7c6d3cc2eb76015571fb5790"
"HighAvailability","Medium",,"Migrate workload to Virtual Machine Scale Sets Flex","Migrate workload to Virtual Machine Scale Sets Flex","MICROSOFT.COMPUTE/VIRTUALMACHINES","vm-demo-app-01","/subscriptions/1acecba7-23bd-4d4d-9770-0b11998514dc/resourcegroups/rg-inventory-demo/providers/microsoft.compute/virtualmachines/vm-demo-app-01","vm-demo-app-01","MICROSOFT.COMPUTE/VIRTUALMACHINES","rg-inventory-demo","06/08/2026 15:24:36","b5156475a556f9cb4861f1ec919ed7564d37b328358ebebd360468e92d259e36","/subscriptions/1acecba7-23bd-4d4d-9770-0b11998514dc/resourcegroups/rg-inventory-demo/providers/microsoft.compute/virtualmachines/vm-demo-app-01/providers/Microsoft.Advisor/recommendations/b5156475a556f9cb4861f1ec919ed7564d37b328358ebebd360468e92d259e36"
"Security","Medium",,"Storage accounts should restrict network access using virtual network rules","Storage accounts should restrict network access using virtual network rules","Microsoft.Storage/storageAccounts","stdemogootyszw77dgs","/subscriptions/1acecba7-23bd-4d4d-9770-0b11998514dc/resourcegroups/rg-inventory-demo/providers/microsoft.storage/storageaccounts/stdemogootyszw77dgs","stdemogootyszw77dgs","Microsoft.Storage/storageAccounts","rg-inventory-demo","06/08/2026 20:15:24","be4db1b067c28da641b57f2979eb570474c5634f72e2863dc64836ab8cb40742","/subscriptions/1acecba7-23bd-4d4d-9770-0b11998514dc/resourcegroups/rg-inventory-demo/providers/microsoft.storage/storageaccounts/stdemogootyszw77dgs/providers/Microsoft.Advisor/recommendations/be4db1b067c28da641b57f2979eb570474c5634f72e2863dc64836ab8cb40742"
"Security","Low",,"Access to storage accounts with firewall and virtual network configurations should be restricted","Access to storage accounts with firewall and virtual network configurations should be restricted","Microsoft.Storage/storageAccounts","stdemogootyszw77dgs","/subscriptions/1acecba7-23bd-4d4d-9770-0b11998514dc/resourcegroups/rg-inventory-demo/providers/microsoft.storage/storageaccounts/stdemogootyszw77dgs","stdemogootyszw77dgs","Microsoft.Storage/storageAccounts","rg-inventory-demo","06/08/2026 23:47:01","4219cb6b4602e9e4bab2e912b151969d67f71ba9b2c66b8fae7ca2cd726637b3","/subscriptions/1acecba7-23bd-4d4d-9770-0b11998514dc/resourcegroups/rg-inventory-demo/providers/microsoft.storage/storageaccounts/stdemogootyszw77dgs/providers/Microsoft.Advisor/recommendations/4219cb6b4602e9e4bab2e912b151969d67f71ba9b2c66b8fae7ca2cd726637b3"
"Security","Low",,"Virtual networks should be protected by Azure Firewall","Virtual networks should be protected by Azure Firewall","Microsoft.Network/virtualNetworks","vnet-demo","/subscriptions/1acecba7-23bd-4d4d-9770-0b11998514dc/resourcegroups/rg-inventory-demo/providers/microsoft.network/virtualnetworks/vnet-demo","vnet-demo","Microsoft.Network/virtualNetworks","rg-inventory-demo","06/08/2026 22:44:11","a15e05965057f70d1dac733112b73722b7062b1c9ff3ea09aa250302a445d0a5","/subscriptions/1acecba7-23bd-4d4d-9770-0b11998514dc/resourcegroups/rg-inventory-demo/providers/microsoft.network/virtualnetworks/vnet-demo/providers/Microsoft.Advisor/recommendations/a15e05965057f70d1dac733112b73722b7062b1c9ff3ea09aa250302a445d0a5"
"Security","Medium",,"Guest Configuration extension should be installed on machines","Guest Configuration extension should be installed on machines","Microsoft.Compute/virtualMachines","vm-demo-app-01","/subscriptions/1acecba7-23bd-4d4d-9770-0b11998514dc/resourcegroups/rg-inventory-demo/providers/microsoft.compute/virtualmachines/vm-demo-app-01","vm-demo-app-01","Microsoft.Compute/virtualMachines","rg-inventory-demo","06/08/2026 22:55:16","82e54c5fe621d8db136b87f7a9a37a40dd9d3b860d5898a5be8fc521100dcc62","/subscriptions/1acecba7-23bd-4d4d-9770-0b11998514dc/resourcegroups/rg-inventory-demo/providers/microsoft.compute/virtualmachines/vm-demo-app-01/providers/Microsoft.Advisor/recommendations/82e54c5fe621d8db136b87f7a9a37a40dd9d3b860d5898a5be8fc521100dcc62"
"Security","Medium",,"Guest Configuration extension should be installed on machines","Guest Configuration extension should be installed on machines","Microsoft.Compute/virtualMachines","vm-demo-db-01","/subscriptions/1acecba7-23bd-4d4d-9770-0b11998514dc/resourcegroups/rg-inventory-demo/providers/microsoft.compute/virtualmachines/vm-demo-db-01","vm-demo-db-01","Microsoft.Compute/virtualMachines","rg-inventory-demo","06/08/2026 22:55:21","afdc1c46db2cba546316dad5217068e372f50832056a75aebdeba0a777d0434d","/subscriptions/1acecba7-23bd-4d4d-9770-0b11998514dc/resourcegroups/rg-inventory-demo/providers/microsoft.compute/virtualmachines/vm-demo-db-01/providers/Microsoft.Advisor/recommendations/afdc1c46db2cba546316dad5217068e372f50832056a75aebdeba0a777d0434d"
"Security","Medium",,"Guest Configuration extension should be installed on machines","Guest Configuration extension should be installed on machines","Microsoft.Compute/virtualMachines","vm-demo-app-02","/subscriptions/1acecba7-23bd-4d4d-9770-0b11998514dc/resourcegroups/rg-inventory-demo/providers/microsoft.compute/virtualmachines/vm-demo-app-02","vm-demo-app-02","Microsoft.Compute/virtualMachines","rg-inventory-demo","06/08/2026 22:56:02","132aa2e0174d65ee609778fd8b1e4bdb853df9dbb4e2a73b4b9cba72f6209e34","/subscriptions/1acecba7-23bd-4d4d-9770-0b11998514dc/resourcegroups/rg-inventory-demo/providers/microsoft.compute/virtualmachines/vm-demo-app-02/providers/Microsoft.Advisor/recommendations/132aa2e0174d65ee609778fd8b1e4bdb853df9dbb4e2a73b4b9cba72f6209e34"
"Security","Medium",,"Guest Configuration extension should be installed on machines","Guest Configuration extension should be installed on machines","Microsoft.Compute/virtualMachines","vm-demo-web-01","/subscriptions/1acecba7-23bd-4d4d-9770-0b11998514dc/resourcegroups/rg-inventory-demo/providers/microsoft.compute/virtualmachines/vm-demo-web-01","vm-demo-web-01","Microsoft.Compute/virtualMachines","rg-inventory-demo","06/08/2026 22:56:02","245a3dce4be6c51924748ea5f8bfbf7dd788b5dc1fc13c4368c78fb78033285a","/subscriptions/1acecba7-23bd-4d4d-9770-0b11998514dc/resourcegroups/rg-inventory-demo/providers/microsoft.compute/virtualmachines/vm-demo-web-01/providers/Microsoft.Advisor/recommendations/245a3dce4be6c51924748ea5f8bfbf7dd788b5dc1fc13c4368c78fb78033285a"
"Security","Medium",,"Guest Configuration extension should be installed on machines","Guest Configuration extension should be installed on machines","Microsoft.Compute/virtualMachines","vm-demo-mgmt-01","/subscriptions/1acecba7-23bd-4d4d-9770-0b11998514dc/resourcegroups/rg-inventory-demo/providers/microsoft.compute/virtualmachines/vm-demo-mgmt-01","vm-demo-mgmt-01","Microsoft.Compute/virtualMachines","rg-inventory-demo","06/08/2026 22:56:03","d7fb16a7b00ed5dc226d909e1a3094e9be46fd920dedc90c0c2c4fc2ec812151","/subscriptions/1acecba7-23bd-4d4d-9770-0b11998514dc/resourcegroups/rg-inventory-demo/providers/microsoft.compute/virtualmachines/vm-demo-mgmt-01/providers/Microsoft.Advisor/recommendations/d7fb16a7b00ed5dc226d909e1a3094e9be46fd920dedc90c0c2c4fc2ec812151"
"Security","High",,"Linux virtual machines should enable Azure Disk Encryption or EncryptionAtHost.","Linux virtual machines should enable Azure Disk Encryption or EncryptionAtHost.","Microsoft.Compute/virtualMachines","vm-demo-web-01","/subscriptions/1acecba7-23bd-4d4d-9770-0b11998514dc/resourcegroups/rg-inventory-demo/providers/microsoft.compute/virtualmachines/vm-demo-web-01","vm-demo-web-01","Microsoft.Compute/virtualMachines","rg-inventory-demo","06/08/2026 23:20:31","7f6cdd470e107c82d2c63e2149c68073855888d01de89d935b0a6adc70f813a2","/subscriptions/1acecba7-23bd-4d4d-9770-0b11998514dc/resourcegroups/rg-inventory-demo/providers/microsoft.compute/virtualmachines/vm-demo-web-01/providers/Microsoft.Advisor/recommendations/7f6cdd470e107c82d2c63e2149c68073855888d01de89d935b0a6adc70f813a2"
"Security","High",,"Linux virtual machines should enable Azure Disk Encryption or EncryptionAtHost.","Linux virtual machines should enable Azure Disk Encryption or EncryptionAtHost.","Microsoft.Compute/virtualMachines","vm-demo-db-01","/subscriptions/1acecba7-23bd-4d4d-9770-0b11998514dc/resourcegroups/rg-inventory-demo/providers/microsoft.compute/virtualmachines/vm-demo-db-01","vm-demo-db-01","Microsoft.Compute/virtualMachines","rg-inventory-demo","06/08/2026 23:21:48","4021ae5db767902ac187bdeb54b905d9be8a061462fb14fa73f3142330580921","/subscriptions/1acecba7-23bd-4d4d-9770-0b11998514dc/resourcegroups/rg-inventory-demo/providers/microsoft.compute/virtualmachines/vm-demo-db-01/providers/Microsoft.Advisor/recommendations/4021ae5db767902ac187bdeb54b905d9be8a061462fb14fa73f3142330580921"
"Security","High",,"Linux virtual machines should enable Azure Disk Encryption or EncryptionAtHost.","Linux virtual machines should enable Azure Disk Encryption or EncryptionAtHost.","Microsoft.Compute/virtualMachines","vm-demo-app-02","/subscriptions/1acecba7-23bd-4d4d-9770-0b11998514dc/resourcegroups/rg-inventory-demo/providers/microsoft.compute/virtualmachines/vm-demo-app-02","vm-demo-app-02","Microsoft.Compute/virtualMachines","rg-inventory-demo","06/08/2026 23:32:51","66524f2df3ca6e3302e8b244fa24edbb15be404b639a15beb956b1c13103b967","/subscriptions/1acecba7-23bd-4d4d-9770-0b11998514dc/resourcegroups/rg-inventory-demo/providers/microsoft.compute/virtualmachines/vm-demo-app-02/providers/Microsoft.Advisor/recommendations/66524f2df3ca6e3302e8b244fa24edbb15be404b639a15beb956b1c13103b967"
"Security","High",,"Linux virtual machines should enable Azure Disk Encryption or EncryptionAtHost.","Linux virtual machines should enable Azure Disk Encryption or EncryptionAtHost.","Microsoft.Compute/virtualMachines","vm-demo-mgmt-01","/subscriptions/1acecba7-23bd-4d4d-9770-0b11998514dc/resourcegroups/rg-inventory-demo/providers/microsoft.compute/virtualmachines/vm-demo-mgmt-01","vm-demo-mgmt-01","Microsoft.Compute/virtualMachines","rg-inventory-demo","06/08/2026 23:32:51","f411d149054274f947b2dfacfe07ef86e3eaf07acea281eb6f238edb79c686a6","/subscriptions/1acecba7-23bd-4d4d-9770-0b11998514dc/resourcegroups/rg-inventory-demo/providers/microsoft.compute/virtualmachines/vm-demo-mgmt-01/providers/Microsoft.Advisor/recommendations/f411d149054274f947b2dfacfe07ef86e3eaf07acea281eb6f238edb79c686a6"
"Security","High",,"Linux virtual machines should enable Azure Disk Encryption or EncryptionAtHost.","Linux virtual machines should enable Azure Disk Encryption or EncryptionAtHost.","Microsoft.Compute/virtualMachines","vm-demo-app-01","/subscriptions/1acecba7-23bd-4d4d-9770-0b11998514dc/resourcegroups/rg-inventory-demo/providers/microsoft.compute/virtualmachines/vm-demo-app-01","vm-demo-app-01","Microsoft.Compute/virtualMachines","rg-inventory-demo","06/08/2026 23:33:21","59908edcbee18719392d715ffc2b291ce2901461ec568ca66475fb076ffc09c9","/subscriptions/1acecba7-23bd-4d4d-9770-0b11998514dc/resourcegroups/rg-inventory-demo/providers/microsoft.compute/virtualmachines/vm-demo-app-01/providers/Microsoft.Advisor/recommendations/59908edcbee18719392d715ffc2b291ce2901461ec568ca66475fb076ffc09c9"
"HighAvailability","Medium",,"Migrate Standard HDD OS Disks to SSD","Migrate Standard HDD OS Disks to SSD","MICROSOFT.COMPUTE/DISKS","vm-demo-mgmt-01_osdisk_1_94fcba78c6ed43aea9dd0b66c9bc83cc","/subscriptions/1acecba7-23bd-4d4d-9770-0b11998514dc/resourcegroups/rg-inventory-demo/providers/microsoft.compute/disks/vm-demo-mgmt-01_osdisk_1_94fcba78c6ed43aea9dd0b66c9bc83cc","vm-demo-mgmt-01_osdisk_1_94fcba78c6ed43aea9dd0b66c9bc83cc","MICROSOFT.COMPUTE/DISKS","rg-inventory-demo","06/09/2026 02:30:33","8099272dd70c71dcb2406b5d64006746ce86e21a787943e39dd750ee84ac21ce","/subscriptions/1acecba7-23bd-4d4d-9770-0b11998514dc/resourcegroups/rg-inventory-demo/providers/microsoft.compute/disks/vm-demo-mgmt-01_osdisk_1_94fcba78c6ed43aea9dd0b66c9bc83cc/providers/Microsoft.Advisor/recommendations/8099272dd70c71dcb2406b5d64006746ce86e21a787943e39dd750ee84ac21ce"
"HighAvailability","Medium",,"Migrate Standard HDD OS Disks to SSD","Migrate Standard HDD OS Disks to SSD","MICROSOFT.COMPUTE/DISKS","vm-demo-app-01_osdisk_1_e89fd7546f2f430bb4c2eda57be7a17c","/subscriptions/1acecba7-23bd-4d4d-9770-0b11998514dc/resourcegroups/rg-inventory-demo/providers/microsoft.compute/disks/vm-demo-app-01_osdisk_1_e89fd7546f2f430bb4c2eda57be7a17c","vm-demo-app-01_osdisk_1_e89fd7546f2f430bb4c2eda57be7a17c","MICROSOFT.COMPUTE/DISKS","rg-inventory-demo","06/09/2026 02:30:37","07d7ad1039261c110591e0033a34af1038ba7e563ae8f20893f67acc2894a15c","/subscriptions/1acecba7-23bd-4d4d-9770-0b11998514dc/resourcegroups/rg-inventory-demo/providers/microsoft.compute/disks/vm-demo-app-01_osdisk_1_e89fd7546f2f430bb4c2eda57be7a17c/providers/Microsoft.Advisor/recommendations/07d7ad1039261c110591e0033a34af1038ba7e563ae8f20893f67acc2894a15c"
"HighAvailability","Medium",,"Migrate Standard HDD OS Disks to SSD","Migrate Standard HDD OS Disks to SSD","MICROSOFT.COMPUTE/DISKS","vm-demo-db-01_osdisk_1_85ac425398fe4cca995190d561270e35","/subscriptions/1acecba7-23bd-4d4d-9770-0b11998514dc/resourcegroups/rg-inventory-demo/providers/microsoft.compute/disks/vm-demo-db-01_osdisk_1_85ac425398fe4cca995190d561270e35","vm-demo-db-01_osdisk_1_85ac425398fe4cca995190d561270e35","MICROSOFT.COMPUTE/DISKS","rg-inventory-demo","06/09/2026 02:30:40","0b2ba0bad5bdfd28b1079c453288f1d7d808cfdb0c20b85e0833ef3a1747a514","/subscriptions/1acecba7-23bd-4d4d-9770-0b11998514dc/resourcegroups/rg-inventory-demo/providers/microsoft.compute/disks/vm-demo-db-01_osdisk_1_85ac425398fe4cca995190d561270e35/providers/Microsoft.Advisor/recommendations/0b2ba0bad5bdfd28b1079c453288f1d7d808cfdb0c20b85e0833ef3a1747a514"
"HighAvailability","Medium",,"Migrate Standard HDD OS Disks to SSD","Migrate Standard HDD OS Disks to SSD","MICROSOFT.COMPUTE/DISKS","vm-demo-app-02_osdisk_1_5cb5007064c247558fe1bb771768070c","/subscriptions/1acecba7-23bd-4d4d-9770-0b11998514dc/resourcegroups/rg-inventory-demo/providers/microsoft.compute/disks/vm-demo-app-02_osdisk_1_5cb5007064c247558fe1bb771768070c","vm-demo-app-02_osdisk_1_5cb5007064c247558fe1bb771768070c","MICROSOFT.COMPUTE/DISKS","rg-inventory-demo","06/09/2026 02:30:40","3a11bc60115848e57ea4b4b352bc7424a84d09a0435204f7d07a788db8ddc65f","/subscriptions/1acecba7-23bd-4d4d-9770-0b11998514dc/resourcegroups/rg-inventory-demo/providers/microsoft.compute/disks/vm-demo-app-02_osdisk_1_5cb5007064c247558fe1bb771768070c/providers/Microsoft.Advisor/recommendations/3a11bc60115848e57ea4b4b352bc7424a84d09a0435204f7d07a788db8ddc65f"
"HighAvailability","Medium",,"Migrate Standard HDD OS Disks to SSD","Migrate Standard HDD OS Disks to SSD","MICROSOFT.COMPUTE/DISKS","vm-demo-web-01_osdisk_1_2392e93e7c42432894a9e1d1ba5e26ce","/subscriptions/1acecba7-23bd-4d4d-9770-0b11998514dc/resourcegroups/rg-inventory-demo/providers/microsoft.compute/disks/vm-demo-web-01_osdisk_1_2392e93e7c42432894a9e1d1ba5e26ce","vm-demo-web-01_osdisk_1_2392e93e7c42432894a9e1d1ba5e26ce","MICROSOFT.COMPUTE/DISKS","rg-inventory-demo","06/09/2026 02:30:39","ac1e91960552dfe9e66b0581adc1e91ca74996f1628e0c6e54237c80acafd012","/subscriptions/1acecba7-23bd-4d4d-9770-0b11998514dc/resourcegroups/rg-inventory-demo/providers/microsoft.compute/disks/vm-demo-web-01_osdisk_1_2392e93e7c42432894a9e1d1ba5e26ce/providers/Microsoft.Advisor/recommendations/ac1e91960552dfe9e66b0581adc1e91ca74996f1628e0c6e54237c80acafd012"
"Security","Medium",,"Storage account should use a private link connection","Storage account should use a private link connection","Microsoft.Storage/storageAccounts","stdemogootyszw77dgs","/subscriptions/1acecba7-23bd-4d4d-9770-0b11998514dc/resourcegroups/rg-inventory-demo/providers/microsoft.storage/storageaccounts/stdemogootyszw77dgs","stdemogootyszw77dgs","Microsoft.Storage/storageAccounts","rg-inventory-demo","06/09/2026 03:06:24","fda6e66b64c290731b28f7bd33c3346e7cd34d19f11bddb42908fd6335ebc9fe","/subscriptions/1acecba7-23bd-4d4d-9770-0b11998514dc/resourcegroups/rg-inventory-demo/providers/microsoft.storage/storageaccounts/stdemogootyszw77dgs/providers/Microsoft.Advisor/recommendations/fda6e66b64c290731b28f7bd33c3346e7cd34d19f11bddb42908fd6335ebc9fe"
"Security","Medium",,"Virtual machines and virtual machine scale sets should have encryption at host enabled","Virtual machines and virtual machine scale sets should have encryption at host enabled","Microsoft.Compute/virtualMachines","vm-demo-web-01","/subscriptions/1acecba7-23bd-4d4d-9770-0b11998514dc/resourcegroups/rg-inventory-demo/providers/microsoft.compute/virtualmachines/vm-demo-web-01","vm-demo-web-01","Microsoft.Compute/virtualMachines","rg-inventory-demo","06/09/2026 07:19:02","b7dd08270c73af6d1157994cb8cfe8b73ad08e44c3f7c74a2e15535e085a0bea","/subscriptions/1acecba7-23bd-4d4d-9770-0b11998514dc/resourcegroups/rg-inventory-demo/providers/microsoft.compute/virtualmachines/vm-demo-web-01/providers/Microsoft.Advisor/recommendations/b7dd08270c73af6d1157994cb8cfe8b73ad08e44c3f7c74a2e15535e085a0bea"
"Security","Medium",,"Virtual machines and virtual machine scale sets should have encryption at host enabled","Virtual machines and virtual machine scale sets should have encryption at host enabled","Microsoft.Compute/virtualMachines","vm-demo-app-02","/subscriptions/1acecba7-23bd-4d4d-9770-0b11998514dc/resourcegroups/rg-inventory-demo/providers/microsoft.compute/virtualmachines/vm-demo-app-02","vm-demo-app-02","Microsoft.Compute/virtualMachines","rg-inventory-demo","06/09/2026 07:18:56","b72789dd5921ca6bc6ffa7b77e3dacd4321b7e013108caaca6d3010652d8fc0e","/subscriptions/1acecba7-23bd-4d4d-9770-0b11998514dc/resourcegroups/rg-inventory-demo/providers/microsoft.compute/virtualmachines/vm-demo-app-02/providers/Microsoft.Advisor/recommendations/b72789dd5921ca6bc6ffa7b77e3dacd4321b7e013108caaca6d3010652d8fc0e"
"Security","Medium",,"Virtual machines and virtual machine scale sets should have encryption at host enabled","Virtual machines and virtual machine scale sets should have encryption at host enabled","Microsoft.Compute/virtualMachines","vm-demo-db-01","/subscriptions/1acecba7-23bd-4d4d-9770-0b11998514dc/resourcegroups/rg-inventory-demo/providers/microsoft.compute/virtualmachines/vm-demo-db-01","vm-demo-db-01","Microsoft.Compute/virtualMachines","rg-inventory-demo","06/09/2026 07:18:59","3e2e52f57c6e756dd241e184ac37b6a3c00fb6f4e5fa3698fbabe8d18dc8e1cf","/subscriptions/1acecba7-23bd-4d4d-9770-0b11998514dc/resourcegroups/rg-inventory-demo/providers/microsoft.compute/virtualmachines/vm-demo-db-01/providers/Microsoft.Advisor/recommendations/3e2e52f57c6e756dd241e184ac37b6a3c00fb6f4e5fa3698fbabe8d18dc8e1cf"
"Security","Medium",,"Virtual machines and virtual machine scale sets should have encryption at host enabled","Virtual machines and virtual machine scale sets should have encryption at host enabled","Microsoft.Compute/virtualMachines","vm-demo-app-01","/subscriptions/1acecba7-23bd-4d4d-9770-0b11998514dc/resourcegroups/rg-inventory-demo/providers/microsoft.compute/virtualmachines/vm-demo-app-01","vm-demo-app-01","Microsoft.Compute/virtualMachines","rg-inventory-demo","06/09/2026 07:19:02","0e23425481d9b97de798c26018890a1ca690d6a27de7192281d8285380ae1930","/subscriptions/1acecba7-23bd-4d4d-9770-0b11998514dc/resourcegroups/rg-inventory-demo/providers/microsoft.compute/virtualmachines/vm-demo-app-01/providers/Microsoft.Advisor/recommendations/0e23425481d9b97de798c26018890a1ca690d6a27de7192281d8285380ae1930"
"Security","Medium",,"Virtual machines and virtual machine scale sets should have encryption at host enabled","Virtual machines and virtual machine scale sets should have encryption at host enabled","Microsoft.Compute/virtualMachines","vm-demo-mgmt-01","/subscriptions/1acecba7-23bd-4d4d-9770-0b11998514dc/resourcegroups/rg-inventory-demo/providers/microsoft.compute/virtualmachines/vm-demo-mgmt-01","vm-demo-mgmt-01","Microsoft.Compute/virtualMachines","rg-inventory-demo","06/09/2026 07:19:01","d74c04160d1b90e38172f0652aa9b2b7f9eb474875dd759eee734f128b52857d","/subscriptions/1acecba7-23bd-4d4d-9770-0b11998514dc/resourcegroups/rg-inventory-demo/providers/microsoft.compute/virtualmachines/vm-demo-mgmt-01/providers/Microsoft.Advisor/recommendations/d74c04160d1b90e38172f0652aa9b2b7f9eb474875dd759eee734f128b52857d"
"Security","Low",,"Azure Backup should be enabled for virtual machines","Azure Backup should be enabled for virtual machines","Microsoft.Compute/virtualMachines","vm-demo-web-01","/subscriptions/1acecba7-23bd-4d4d-9770-0b11998514dc/resourcegroups/rg-inventory-demo/providers/microsoft.compute/virtualmachines/vm-demo-web-01","vm-demo-web-01","Microsoft.Compute/virtualMachines","rg-inventory-demo","06/16/2026 10:48:06","031b9938a0dd1e2d30dd56c77dbd41fcfe6b5bae252b72953ae28698e6ec9616","/subscriptions/1acecba7-23bd-4d4d-9770-0b11998514dc/resourcegroups/rg-inventory-demo/providers/microsoft.compute/virtualmachines/vm-demo-web-01/providers/Microsoft.Advisor/recommendations/031b9938a0dd1e2d30dd56c77dbd41fcfe6b5bae252b72953ae28698e6ec9616"
"Security","Low",,"Azure Backup should be enabled for virtual machines","Azure Backup should be enabled for virtual machines","Microsoft.Compute/virtualMachines","vm-demo-mgmt-01","/subscriptions/1acecba7-23bd-4d4d-9770-0b11998514dc/resourcegroups/rg-inventory-demo/providers/microsoft.compute/virtualmachines/vm-demo-mgmt-01","vm-demo-mgmt-01","Microsoft.Compute/virtualMachines","rg-inventory-demo","06/16/2026 10:47:56","0d054954c5f1d1aa93f5a56e1050c18f1f54e93e2403c4333491ca2f50f31f7b","/subscriptions/1acecba7-23bd-4d4d-9770-0b11998514dc/resourcegroups/rg-inventory-demo/providers/microsoft.compute/virtualmachines/vm-demo-mgmt-01/providers/Microsoft.Advisor/recommendations/0d054954c5f1d1aa93f5a56e1050c18f1f54e93e2403c4333491ca2f50f31f7b"
"Security","Low",,"Azure Backup should be enabled for virtual machines","Azure Backup should be enabled for virtual machines","Microsoft.Compute/virtualMachines","vm-demo-app-02","/subscriptions/1acecba7-23bd-4d4d-9770-0b11998514dc/resourcegroups/rg-inventory-demo/providers/microsoft.compute/virtualmachines/vm-demo-app-02","vm-demo-app-02","Microsoft.Compute/virtualMachines","rg-inventory-demo","06/16/2026 10:48:43","7c3c56455bfe5ef5835760c26417baa88f72e84f4439bea3aebf83d39028ade5","/subscriptions/1acecba7-23bd-4d4d-9770-0b11998514dc/resourcegroups/rg-inventory-demo/providers/microsoft.compute/virtualmachines/vm-demo-app-02/providers/Microsoft.Advisor/recommendations/7c3c56455bfe5ef5835760c26417baa88f72e84f4439bea3aebf83d39028ade5"
"Security","Low",,"Azure Backup should be enabled for virtual machines","Azure Backup should be enabled for virtual machines","Microsoft.Compute/virtualMachines","vm-demo-db-01","/subscriptions/1acecba7-23bd-4d4d-9770-0b11998514dc/resourcegroups/rg-inventory-demo/providers/microsoft.compute/virtualmachines/vm-demo-db-01","vm-demo-db-01","Microsoft.Compute/virtualMachines","rg-inventory-demo","06/16/2026 10:48:10","1d761984b1dc2cfca1ba47da808c3dfb876c98418e76e6027fc0055cc28fda1e","/subscriptions/1acecba7-23bd-4d4d-9770-0b11998514dc/resourcegroups/rg-inventory-demo/providers/microsoft.compute/virtualmachines/vm-demo-db-01/providers/Microsoft.Advisor/recommendations/1d761984b1dc2cfca1ba47da808c3dfb876c98418e76e6027fc0055cc28fda1e"
"Security","Low",,"Azure Backup should be enabled for virtual machines","Azure Backup should be enabled for virtual machines","Microsoft.Compute/virtualMachines","vm-demo-app-01","/subscriptions/1acecba7-23bd-4d4d-9770-0b11998514dc/resourcegroups/rg-inventory-demo/providers/microsoft.compute/virtualmachines/vm-demo-app-01","vm-demo-app-01","Microsoft.Compute/virtualMachines","rg-inventory-demo","06/16/2026 10:48:42","850c568115165c67a99fdfee84db063518070d840cca09dc14235be76506024a","/subscriptions/1acecba7-23bd-4d4d-9770-0b11998514dc/resourcegroups/rg-inventory-demo/providers/microsoft.compute/virtualmachines/vm-demo-app-01/providers/Microsoft.Advisor/recommendations/850c568115165c67a99fdfee84db063518070d840cca09dc14235be76506024a"
"HighAvailability","High",,"Enable zone redundancy for storage accounts to improve high availability and resiliency","Enable zone redundancy for storage accounts to improve high availability and resiliency","MICROSOFT.STORAGE/STORAGEACCOUNTS","stdemogootyszw77dgs","/subscriptions/1acecba7-23bd-4d4d-9770-0b11998514dc/resourcegroups/rg-inventory-demo/providers/microsoft.storage/storageaccounts/stdemogootyszw77dgs","stdemogootyszw77dgs","MICROSOFT.STORAGE/STORAGEACCOUNTS","rg-inventory-demo","06/16/2026 12:07:21","2d8c91275c33fc47fb4edc25b2bec4b649838663fe7c3e6dcd43a74a9d1aeb66","/subscriptions/1acecba7-23bd-4d4d-9770-0b11998514dc/resourcegroups/rg-inventory-demo/providers/microsoft.storage/storageaccounts/stdemogootyszw77dgs/providers/Microsoft.Advisor/recommendations/2d8c91275c33fc47fb4edc25b2bec4b649838663fe7c3e6dcd43a74a9d1aeb66"
"HighAvailability","High",,"Ensure Azure Disks are in the same zone as your VM for higher resiliency and availability","Ensure Azure Disks are in the same zone as your VM for higher resiliency and availability","MICROSOFT.COMPUTE/DISKS","vm-demo-web-01_osdisk_1_2392e93e7c42432894a9e1d1ba5e26ce","/subscriptions/1acecba7-23bd-4d4d-9770-0b11998514dc/resourcegroups/rg-inventory-demo/providers/microsoft.compute/disks/vm-demo-web-01_osdisk_1_2392e93e7c42432894a9e1d1ba5e26ce","vm-demo-web-01_osdisk_1_2392e93e7c42432894a9e1d1ba5e26ce","MICROSOFT.COMPUTE/DISKS","rg-inventory-demo","06/16/2026 13:31:37","c3fe00971004d7fa95d79ebc066ad86101c2a73cf91c97c360d44af078c49a35","/subscriptions/1acecba7-23bd-4d4d-9770-0b11998514dc/resourcegroups/rg-inventory-demo/providers/microsoft.compute/disks/vm-demo-web-01_osdisk_1_2392e93e7c42432894a9e1d1ba5e26ce/providers/Microsoft.Advisor/recommendations/c3fe00971004d7fa95d79ebc066ad86101c2a73cf91c97c360d44af078c49a35"
"HighAvailability","High",,"Ensure Azure Disks are in the same zone as your VM for higher resiliency and availability","Ensure Azure Disks are in the same zone as your VM for higher resiliency and availability","MICROSOFT.COMPUTE/DISKS","vm-demo-app-02_osdisk_1_5cb5007064c247558fe1bb771768070c","/subscriptions/1acecba7-23bd-4d4d-9770-0b11998514dc/resourcegroups/rg-inventory-demo/providers/microsoft.compute/disks/vm-demo-app-02_osdisk_1_5cb5007064c247558fe1bb771768070c","vm-demo-app-02_osdisk_1_5cb5007064c247558fe1bb771768070c","MICROSOFT.COMPUTE/DISKS","rg-inventory-demo","06/16/2026 13:32:44","abbc81d708f30696bdf5751ccf3e2caac90a25bf2042e73807e372e4e059360a","/subscriptions/1acecba7-23bd-4d4d-9770-0b11998514dc/resourcegroups/rg-inventory-demo/providers/microsoft.compute/disks/vm-demo-app-02_osdisk_1_5cb5007064c247558fe1bb771768070c/providers/Microsoft.Advisor/recommendations/abbc81d708f30696bdf5751ccf3e2caac90a25bf2042e73807e372e4e059360a"
"HighAvailability","High",,"Ensure Azure Disks are in the same zone as your VM for higher resiliency and availability","Ensure Azure Disks are in the same zone as your VM for higher resiliency and availability","MICROSOFT.COMPUTE/DISKS","vm-demo-mgmt-01_osdisk_1_94fcba78c6ed43aea9dd0b66c9bc83cc","/subscriptions/1acecba7-23bd-4d4d-9770-0b11998514dc/resourcegroups/rg-inventory-demo/providers/microsoft.compute/disks/vm-demo-mgmt-01_osdisk_1_94fcba78c6ed43aea9dd0b66c9bc83cc","vm-demo-mgmt-01_osdisk_1_94fcba78c6ed43aea9dd0b66c9bc83cc","MICROSOFT.COMPUTE/DISKS","rg-inventory-demo","06/16/2026 13:32:16","bd316824a19e7a69db48995f07ad9a29e8063a6757f6d27dce48e462679e669b","/subscriptions/1acecba7-23bd-4d4d-9770-0b11998514dc/resourcegroups/rg-inventory-demo/providers/microsoft.compute/disks/vm-demo-mgmt-01_osdisk_1_94fcba78c6ed43aea9dd0b66c9bc83cc/providers/Microsoft.Advisor/recommendations/bd316824a19e7a69db48995f07ad9a29e8063a6757f6d27dce48e462679e669b"
"HighAvailability","High",,"Ensure Azure Disks are in the same zone as your VM for higher resiliency and availability","Ensure Azure Disks are in the same zone as your VM for higher resiliency and availability","MICROSOFT.COMPUTE/DISKS","vm-demo-db-01_osdisk_1_85ac425398fe4cca995190d561270e35","/subscriptions/1acecba7-23bd-4d4d-9770-0b11998514dc/resourcegroups/rg-inventory-demo/providers/microsoft.compute/disks/vm-demo-db-01_osdisk_1_85ac425398fe4cca995190d561270e35","vm-demo-db-01_osdisk_1_85ac425398fe4cca995190d561270e35","MICROSOFT.COMPUTE/DISKS","rg-inventory-demo","06/16/2026 13:31:43","fb14489940ee5cefb14335b737c9370b1ae8b6bd8d5916b5bd685121a1fafb2e","/subscriptions/1acecba7-23bd-4d4d-9770-0b11998514dc/resourcegroups/rg-inventory-demo/providers/microsoft.compute/disks/vm-demo-db-01_osdisk_1_85ac425398fe4cca995190d561270e35/providers/Microsoft.Advisor/recommendations/fb14489940ee5cefb14335b737c9370b1ae8b6bd8d5916b5bd685121a1fafb2e"
"HighAvailability","High",,"Ensure Azure Disks are in the same zone as your VM for higher resiliency and availability","Ensure Azure Disks are in the same zone as your VM for higher resiliency and availability","MICROSOFT.COMPUTE/DISKS","vm-demo-app-01_osdisk_1_e89fd7546f2f430bb4c2eda57be7a17c","/subscriptions/1acecba7-23bd-4d4d-9770-0b11998514dc/resourcegroups/rg-inventory-demo/providers/microsoft.compute/disks/vm-demo-app-01_osdisk_1_e89fd7546f2f430bb4c2eda57be7a17c","vm-demo-app-01_osdisk_1_e89fd7546f2f430bb4c2eda57be7a17c","MICROSOFT.COMPUTE/DISKS","rg-inventory-demo","06/16/2026 13:31:17","cb0b78f6e59e9fd1be98c5331edf431eb9ab086ea691c7bfe997c467fb708a8c","/subscriptions/1acecba7-23bd-4d4d-9770-0b11998514dc/resourcegroups/rg-inventory-demo/providers/microsoft.compute/disks/vm-demo-app-01_osdisk_1_e89fd7546f2f430bb4c2eda57be7a17c/providers/Microsoft.Advisor/recommendations/cb0b78f6e59e9fd1be98c5331edf431eb9ab086ea691c7bfe997c467fb708a8c"
"HighAvailability","Medium",,"Enable Soft Delete to protect your blob data","Enable Soft Delete to protect your blob data","Microsoft.Storage/storageAccounts","stdemogootyszw77dgs","/subscriptions/1acecba7-23bd-4d4d-9770-0b11998514dc/resourcegroups/rg-inventory-demo/providers/microsoft.storage/storageaccounts/stdemogootyszw77dgs","stdemogootyszw77dgs","Microsoft.Storage/storageAccounts","rg-inventory-demo","06/16/2026 14:21:54","f029e1f17bd75ced757b1c5fe1b1cbb7094581edeacb21c470c7d2d37abb5ab5","/subscriptions/1acecba7-23bd-4d4d-9770-0b11998514dc/resourcegroups/rg-inventory-demo/providers/microsoft.storage/storageaccounts/stdemogootyszw77dgs/providers/Microsoft.Advisor/recommendations/f029e1f17bd75ced757b1c5fe1b1cbb7094581edeacb21c470c7d2d37abb5ab5"
"HighAvailability","Medium",,"Enable Soft Delete to protect your blob data","Enable Soft Delete to protect your blob data","Microsoft.Storage/storageAccounts","mcaps97700b11998514dc","/subscriptions/1acecba7-23bd-4d4d-9770-0b11998514dc/resourcegroups/mcapsgovernance/providers/microsoft.storage/storageaccounts/mcaps97700b11998514dc","mcaps97700b11998514dc","Microsoft.Storage/storageAccounts","mcapsgovernance","06/16/2026 16:25:37","696a33e626da601b7efde1f12b2ca1afa36d870d3c9745e47eb8d5394174856a","/subscriptions/1acecba7-23bd-4d4d-9770-0b11998514dc/resourcegroups/mcapsgovernance/providers/microsoft.storage/storageaccounts/mcaps97700b11998514dc/providers/Microsoft.Advisor/recommendations/696a33e626da601b7efde1f12b2ca1afa36d870d3c9745e47eb8d5394174856a"
"HighAvailability","Medium",,"Use NAT gateway for outbound connectivity","Use NAT gateway for outbound connectivity","MICROSOFT.NETWORK/VIRTUALNETWORKS","vnet-demo","/subscriptions/1acecba7-23bd-4d4d-9770-0b11998514dc/resourcegroups/rg-inventory-demo/providers/microsoft.network/virtualnetworks/vnet-demo","vnet-demo","MICROSOFT.NETWORK/VIRTUALNETWORKS","rg-inventory-demo","06/20/2026 00:32:16","34732b0d1dd246c54fc32a19d65e74e1ac42c41b5ee151a0b2274ea8619539e4","/subscriptions/1acecba7-23bd-4d4d-9770-0b11998514dc/resourcegroups/rg-inventory-demo/providers/microsoft.network/virtualnetworks/vnet-demo/providers/Microsoft.Advisor/recommendations/34732b0d1dd246c54fc32a19d65e74e1ac42c41b5ee151a0b2274ea8619539e4"
"OperationalExcellence","High",,"Enable Trusted Launch foundational excellence, and modern security for Existing Generation 2 VM(s)","Enable Trusted Launch foundational excellence, and modern security for Existing Generation 2 VM(s)","MICROSOFT.COMPUTE/VIRTUALMACHINES","vm-pw-ops-dev-jpw-27161","/subscriptions/1acecba7-23bd-4d4d-9770-0b11998514dc/resourcegroups/rg-pw-ops-dev-jpe-27161/providers/microsoft.compute/virtualmachines/vm-pw-ops-dev-jpw-27161","vm-pw-ops-dev-jpw-27161","MICROSOFT.COMPUTE/VIRTUALMACHINES","rg-pw-ops-dev-jpe-27161","07/02/2026 10:48:15","d39c155b50ec26ef2414d84f4debc0a793819721a655d278fc86d62c1757ae08","/subscriptions/1acecba7-23bd-4d4d-9770-0b11998514dc/resourcegroups/rg-pw-ops-dev-jpe-27161/providers/microsoft.compute/virtualmachines/vm-pw-ops-dev-jpw-27161/providers/Microsoft.Advisor/recommendations/d39c155b50ec26ef2414d84f4debc0a793819721a655d278fc86d62c1757ae08"
"HighAvailability","Medium",,"Align location of resource and resource group","Align location of resource and resource group","MICROSOFT.COMPUTE/VIRTUALMACHINES","vm-pw-ops-dev-jpw-27161","/subscriptions/1acecba7-23bd-4d4d-9770-0b11998514dc/resourcegroups/rg-pw-ops-dev-jpe-27161/providers/microsoft.compute/virtualmachines/vm-pw-ops-dev-jpw-27161","vm-pw-ops-dev-jpw-27161","MICROSOFT.COMPUTE/VIRTUALMACHINES","rg-pw-ops-dev-jpe-27161","07/02/2026 14:23:02","a8f42571e36440c5af32655d09a4357664808e7e2c9c12aabf01b2de5140c7ca","/subscriptions/1acecba7-23bd-4d4d-9770-0b11998514dc/resourcegroups/rg-pw-ops-dev-jpe-27161/providers/microsoft.compute/virtualmachines/vm-pw-ops-dev-jpw-27161/providers/Microsoft.Advisor/recommendations/a8f42571e36440c5af32655d09a4357664808e7e2c9c12aabf01b2de5140c7ca"
"Security","Medium",,"Guest Configuration extension should be installed on machines","Guest Configuration extension should be installed on machines","Microsoft.Compute/virtualMachines","vm-pw-ops-dev-jpw-27161","/subscriptions/1acecba7-23bd-4d4d-9770-0b11998514dc/resourcegroups/rg-pw-ops-dev-jpe-27161/providers/microsoft.compute/virtualmachines/vm-pw-ops-dev-jpw-27161","vm-pw-ops-dev-jpw-27161","Microsoft.Compute/virtualMachines","rg-pw-ops-dev-jpe-27161","07/03/2026 05:21:00","0185607a50630b43ed418ba62358c38f48fce36682e9c48035ab44f8ace4cb82","/subscriptions/1acecba7-23bd-4d4d-9770-0b11998514dc/resourcegroups/rg-pw-ops-dev-jpe-27161/providers/microsoft.compute/virtualmachines/vm-pw-ops-dev-jpw-27161/providers/Microsoft.Advisor/recommendations/0185607a50630b43ed418ba62358c38f48fce36682e9c48035ab44f8ace4cb82"
"Security","Medium",,"Virtual machines and virtual machine scale sets should have encryption at host enabled","Virtual machines and virtual machine scale sets should have encryption at host enabled","Microsoft.Compute/virtualMachines","vm-pw-ops-dev-jpw-27161","/subscriptions/1acecba7-23bd-4d4d-9770-0b11998514dc/resourcegroups/rg-pw-ops-dev-jpe-27161/providers/microsoft.compute/virtualmachines/vm-pw-ops-dev-jpw-27161","vm-pw-ops-dev-jpw-27161","Microsoft.Compute/virtualMachines","rg-pw-ops-dev-jpe-27161","07/03/2026 05:46:49","4d8c12f315b5abd2aefb5d469f62598c908a66377302e1998ecb8f994df0296f","/subscriptions/1acecba7-23bd-4d4d-9770-0b11998514dc/resourcegroups/rg-pw-ops-dev-jpe-27161/providers/microsoft.compute/virtualmachines/vm-pw-ops-dev-jpw-27161/providers/Microsoft.Advisor/recommendations/4d8c12f315b5abd2aefb5d469f62598c908a66377302e1998ecb8f994df0296f"
"OperationalExcellence","Medium",,"Enable VM Insights for virtual machines","Enable VM Insights for virtual machines","MICROSOFT.COMPUTE/VIRTUALMACHINES","vm-pw-ops-dev-jpw-27161","/subscriptions/1acecba7-23bd-4d4d-9770-0b11998514dc/resourcegroups/rg-pw-ops-dev-jpe-27161/providers/microsoft.compute/virtualmachines/vm-pw-ops-dev-jpw-27161","vm-pw-ops-dev-jpw-27161","MICROSOFT.COMPUTE/VIRTUALMACHINES","rg-pw-ops-dev-jpe-27161","07/03/2026 07:33:52","6b7bc3b2d486de3a389af242e7383a6e48c19faf6b23611326f97d4c353ebcd7","/subscriptions/1acecba7-23bd-4d4d-9770-0b11998514dc/resourcegroups/rg-pw-ops-dev-jpe-27161/providers/microsoft.compute/virtualmachines/vm-pw-ops-dev-jpw-27161/providers/Microsoft.Advisor/recommendations/6b7bc3b2d486de3a389af242e7383a6e48c19faf6b23611326f97d4c353ebcd7"
"HighAvailability","High",,"Ensure Azure Disks are in the same zone as your VM for higher resiliency and availability","Ensure Azure Disks are in the same zone as your VM for higher resiliency and availability","MICROSOFT.COMPUTE/DISKS","vm-pw-ops-dev-jpw-27161_osdisk_1_d208705db396475a997b7edc60a576f9","/subscriptions/1acecba7-23bd-4d4d-9770-0b11998514dc/resourcegroups/rg-pw-ops-dev-jpe-27161/providers/microsoft.compute/disks/vm-pw-ops-dev-jpw-27161_osdisk_1_d208705db396475a997b7edc60a576f9","vm-pw-ops-dev-jpw-27161_osdisk_1_d208705db396475a997b7edc60a576f9","MICROSOFT.COMPUTE/DISKS","rg-pw-ops-dev-jpe-27161","07/03/2026 10:53:36","9bee71077bdb86463e6ebb22b83f25370c410d35f427f8a46945161048a3678d","/subscriptions/1acecba7-23bd-4d4d-9770-0b11998514dc/resourcegroups/rg-pw-ops-dev-jpe-27161/providers/microsoft.compute/disks/vm-pw-ops-dev-jpw-27161_osdisk_1_d208705db396475a997b7edc60a576f9/providers/Microsoft.Advisor/recommendations/9bee71077bdb86463e6ebb22b83f25370c410d35f427f8a46945161048a3678d"
"HighAvailability","Medium",,"Migrate workload to Virtual Machine Scale Sets Flex","Migrate workload to Virtual Machine Scale Sets Flex","MICROSOFT.COMPUTE/VIRTUALMACHINES","vm-pw-ops-dev-jpw-27161","/subscriptions/1acecba7-23bd-4d4d-9770-0b11998514dc/resourcegroups/rg-pw-ops-dev-jpe-27161/providers/microsoft.compute/virtualmachines/vm-pw-ops-dev-jpw-27161","vm-pw-ops-dev-jpw-27161","MICROSOFT.COMPUTE/VIRTUALMACHINES","rg-pw-ops-dev-jpe-27161","07/03/2026 15:53:19","77ae39b38ab493a4d19207b925abdb292d48234131c25dfaadb31eae8ed0c17b","/subscriptions/1acecba7-23bd-4d4d-9770-0b11998514dc/resourcegroups/rg-pw-ops-dev-jpe-27161/providers/microsoft.compute/virtualmachines/vm-pw-ops-dev-jpw-27161/providers/Microsoft.Advisor/recommendations/77ae39b38ab493a4d19207b925abdb292d48234131c25dfaadb31eae8ed0c17b"
"HighAvailability","Medium",,"Migrate Standard HDD OS Disks to SSD","Migrate Standard HDD OS Disks to SSD","MICROSOFT.COMPUTE/DISKS","vm-pw-ops-dev-jpw-27161_osdisk_1_d208705db396475a997b7edc60a576f9","/subscriptions/1acecba7-23bd-4d4d-9770-0b11998514dc/resourcegroups/rg-pw-ops-dev-jpe-27161/providers/microsoft.compute/disks/vm-pw-ops-dev-jpw-27161_osdisk_1_d208705db396475a997b7edc60a576f9","vm-pw-ops-dev-jpw-27161_osdisk_1_d208705db396475a997b7edc60a576f9","MICROSOFT.COMPUTE/DISKS","rg-pw-ops-dev-jpe-27161","07/04/2026 04:12:45","091474a3a01853bab7a25ae10ae9c13e8cfdeaf0caff8506fcf21f10495f4ff8","/subscriptions/1acecba7-23bd-4d4d-9770-0b11998514dc/resourcegroups/rg-pw-ops-dev-jpe-27161/providers/microsoft.compute/disks/vm-pw-ops-dev-jpw-27161_osdisk_1_d208705db396475a997b7edc60a576f9/providers/Microsoft.Advisor/recommendations/091474a3a01853bab7a25ae10ae9c13e8cfdeaf0caff8506fcf21f10495f4ff8"
"Security","Low",,"Azure Backup should be enabled for virtual machines","Azure Backup should be enabled for virtual machines","Microsoft.Compute/virtualMachines","vm-pw-ops-dev-jpw-27161","/subscriptions/1acecba7-23bd-4d4d-9770-0b11998514dc/resourcegroups/rg-pw-ops-dev-jpe-27161/providers/microsoft.compute/virtualmachines/vm-pw-ops-dev-jpw-27161","vm-pw-ops-dev-jpw-27161","Microsoft.Compute/virtualMachines","rg-pw-ops-dev-jpe-27161","07/07/2026 05:36:55","86a19bf6b5ae77e468abf744a41c409b57b5a7c96a965ff53cf0880f3c4a06e7","/subscriptions/1acecba7-23bd-4d4d-9770-0b11998514dc/resourcegroups/rg-pw-ops-dev-jpe-27161/providers/microsoft.compute/virtualmachines/vm-pw-ops-dev-jpw-27161/providers/Microsoft.Advisor/recommendations/86a19bf6b5ae77e468abf744a41c409b57b5a7c96a965ff53cf0880f3c4a06e7"
"Security","High",,"Linux virtual machines should enable Azure Disk Encryption or EncryptionAtHost.","Linux virtual machines should enable Azure Disk Encryption or EncryptionAtHost.","Microsoft.Compute/virtualMachines","vm-pw-ops-dev-jpw-27161","/subscriptions/1acecba7-23bd-4d4d-9770-0b11998514dc/resourcegroups/rg-pw-ops-dev-jpe-27161/providers/microsoft.compute/virtualmachines/vm-pw-ops-dev-jpw-27161","vm-pw-ops-dev-jpw-27161","Microsoft.Compute/virtualMachines","rg-pw-ops-dev-jpe-27161","07/07/2026 10:04:04","3ad2ce56404df630d635aef972126469448a3c9c170e3d56259ed88a96975f46","/subscriptions/1acecba7-23bd-4d4d-9770-0b11998514dc/resourcegroups/rg-pw-ops-dev-jpe-27161/providers/microsoft.compute/virtualmachines/vm-pw-ops-dev-jpw-27161/providers/Microsoft.Advisor/recommendations/3ad2ce56404df630d635aef972126469448a3c9c170e3d56259ed88a96975f46"
"OperationalExcellence","High",,"Enable Trusted Launch foundational excellence, and modern security for Existing Generation 2 VM(s)","Enable Trusted Launch foundational excellence, and modern security for Existing Generation 2 VM(s)","MICROSOFT.COMPUTE/VIRTUALMACHINES","vm-nwri-dst-jpe","/subscriptions/1acecba7-23bd-4d4d-9770-0b11998514dc/resourcegroups/rg-nwri-jpe-20260709/providers/microsoft.compute/virtualmachines/vm-nwri-dst-jpe","vm-nwri-dst-jpe","MICROSOFT.COMPUTE/VIRTUALMACHINES","rg-nwri-jpe-20260709","07/09/2026 14:08:40","9355cf395faf5aafb69f7104ef9920b0a4b1ced5081899cd6f453085bf466aee","/subscriptions/1acecba7-23bd-4d4d-9770-0b11998514dc/resourcegroups/rg-nwri-jpe-20260709/providers/microsoft.compute/virtualmachines/vm-nwri-dst-jpe/providers/Microsoft.Advisor/recommendations/9355cf395faf5aafb69f7104ef9920b0a4b1ced5081899cd6f453085bf466aee"
"HighAvailability","Medium",,"Migrate Standard HDD OS Disks to SSD","Migrate Standard HDD OS Disks to SSD","MICROSOFT.COMPUTE/DISKS","vm-nwri-dst-jpe_disk1_8ab5bd0fba01487db8fdadb3a014522b","/subscriptions/1acecba7-23bd-4d4d-9770-0b11998514dc/resourcegroups/rg-nwri-jpe-20260709/providers/microsoft.compute/disks/vm-nwri-dst-jpe_disk1_8ab5bd0fba01487db8fdadb3a014522b","vm-nwri-dst-jpe_disk1_8ab5bd0fba01487db8fdadb3a014522b","MICROSOFT.COMPUTE/DISKS","rg-nwri-jpe-20260709","07/09/2026 18:47:38","89bbdfe476c3510ae436c02547e697c0d98544098cfe9a1252ee2706d6084bc9","/subscriptions/1acecba7-23bd-4d4d-9770-0b11998514dc/resourcegroups/rg-nwri-jpe-20260709/providers/microsoft.compute/disks/vm-nwri-dst-jpe_disk1_8ab5bd0fba01487db8fdadb3a014522b/providers/Microsoft.Advisor/recommendations/89bbdfe476c3510ae436c02547e697c0d98544098cfe9a1252ee2706d6084bc9"
"HighAvailability","Medium",,"Migrate Standard HDD OS Disks to SSD","Migrate Standard HDD OS Disks to SSD","MICROSOFT.COMPUTE/DISKS","vm-nwri-src-jpe_osdisk_1_cb8a7c294776415f9732b629726f07f6","/subscriptions/1acecba7-23bd-4d4d-9770-0b11998514dc/resourcegroups/rg-nwri-jpe-20260709/providers/microsoft.compute/disks/vm-nwri-src-jpe_osdisk_1_cb8a7c294776415f9732b629726f07f6","vm-nwri-src-jpe_osdisk_1_cb8a7c294776415f9732b629726f07f6","MICROSOFT.COMPUTE/DISKS","rg-nwri-jpe-20260709","07/09/2026 18:47:51","40129736c08b3623dac4e358cd1453684438cc5209fe89f5d641775640c2cbe2","/subscriptions/1acecba7-23bd-4d4d-9770-0b11998514dc/resourcegroups/rg-nwri-jpe-20260709/providers/microsoft.compute/disks/vm-nwri-src-jpe_osdisk_1_cb8a7c294776415f9732b629726f07f6/providers/Microsoft.Advisor/recommendations/40129736c08b3623dac4e358cd1453684438cc5209fe89f5d641775640c2cbe2"
"OperationalExcellence","High",,"Enable Trusted Launch foundational excellence, and modern security for Existing Generation 2 VM(s)","Enable Trusted Launch foundational excellence, and modern security for Existing Generation 2 VM(s)","MICROSOFT.COMPUTE/VIRTUALMACHINES","vm-nwri-src-jpe","/subscriptions/1acecba7-23bd-4d4d-9770-0b11998514dc/resourcegroups/rg-nwri-jpe-20260709/providers/microsoft.compute/virtualmachines/vm-nwri-src-jpe","vm-nwri-src-jpe","MICROSOFT.COMPUTE/VIRTUALMACHINES","rg-nwri-jpe-20260709","07/09/2026 22:28:18","a36be29edbc006a80b4e214f060846d8f8382c7920da977381ff89e0b7a4df09","/subscriptions/1acecba7-23bd-4d4d-9770-0b11998514dc/resourcegroups/rg-nwri-jpe-20260709/providers/microsoft.compute/virtualmachines/vm-nwri-src-jpe/providers/Microsoft.Advisor/recommendations/a36be29edbc006a80b4e214f060846d8f8382c7920da977381ff89e0b7a4df09"
"HighAvailability","Medium",,"Migrate workload to Virtual Machine Scale Sets Flex","Migrate workload to Virtual Machine Scale Sets Flex","MICROSOFT.COMPUTE/VIRTUALMACHINES","vm-nwri-dst-jpe","/subscriptions/1acecba7-23bd-4d4d-9770-0b11998514dc/resourcegroups/rg-nwri-jpe-20260709/providers/microsoft.compute/virtualmachines/vm-nwri-dst-jpe","vm-nwri-dst-jpe","MICROSOFT.COMPUTE/VIRTUALMACHINES","rg-nwri-jpe-20260709","07/09/2026 22:29:56","6776b9dc63adfdff75e7b72050eb309fa54ce785b1c3be0352b78a30efe1ca7c","/subscriptions/1acecba7-23bd-4d4d-9770-0b11998514dc/resourcegroups/rg-nwri-jpe-20260709/providers/microsoft.compute/virtualmachines/vm-nwri-dst-jpe/providers/Microsoft.Advisor/recommendations/6776b9dc63adfdff75e7b72050eb309fa54ce785b1c3be0352b78a30efe1ca7c"
"HighAvailability","Medium",,"Migrate workload to Virtual Machine Scale Sets Flex","Migrate workload to Virtual Machine Scale Sets Flex","MICROSOFT.COMPUTE/VIRTUALMACHINES","vm-nwri-src-jpe","/subscriptions/1acecba7-23bd-4d4d-9770-0b11998514dc/resourcegroups/rg-nwri-jpe-20260709/providers/microsoft.compute/virtualmachines/vm-nwri-src-jpe","vm-nwri-src-jpe","MICROSOFT.COMPUTE/VIRTUALMACHINES","rg-nwri-jpe-20260709","07/09/2026 22:29:49","c0a14c2dba3893bcf1d21709fd6d935082b2f9745e7608059cce4a9180000100","/subscriptions/1acecba7-23bd-4d4d-9770-0b11998514dc/resourcegroups/rg-nwri-jpe-20260709/providers/microsoft.compute/virtualmachines/vm-nwri-src-jpe/providers/Microsoft.Advisor/recommendations/c0a14c2dba3893bcf1d21709fd6d935082b2f9745e7608059cce4a9180000100"
"OperationalExcellence","Medium",,"Enable VM Insights for virtual machines","Enable VM Insights for virtual machines","MICROSOFT.COMPUTE/VIRTUALMACHINES","vm-nwri-src-jpe","/subscriptions/1acecba7-23bd-4d4d-9770-0b11998514dc/resourcegroups/rg-nwri-jpe-20260709/providers/microsoft.compute/virtualmachines/vm-nwri-src-jpe","vm-nwri-src-jpe","MICROSOFT.COMPUTE/VIRTUALMACHINES","rg-nwri-jpe-20260709","07/10/2026 04:57:06","d1c08cf4b3f8f2fed7564f347266ae78bed806cb41d8194a871f5fdc766402cc","/subscriptions/1acecba7-23bd-4d4d-9770-0b11998514dc/resourcegroups/rg-nwri-jpe-20260709/providers/microsoft.compute/virtualmachines/vm-nwri-src-jpe/providers/Microsoft.Advisor/recommendations/d1c08cf4b3f8f2fed7564f347266ae78bed806cb41d8194a871f5fdc766402cc"
"OperationalExcellence","Medium",,"Enable VM Insights for virtual machines","Enable VM Insights for virtual machines","MICROSOFT.COMPUTE/VIRTUALMACHINES","vm-nwri-dst-jpe","/subscriptions/1acecba7-23bd-4d4d-9770-0b11998514dc/resourcegroups/rg-nwri-jpe-20260709/providers/microsoft.compute/virtualmachines/vm-nwri-dst-jpe","vm-nwri-dst-jpe","MICROSOFT.COMPUTE/VIRTUALMACHINES","rg-nwri-jpe-20260709","07/10/2026 04:57:41","aed1bb6599aa0fabb5f4615617248ecc37e85dc1c59454f90e7e5331acb34a17","/subscriptions/1acecba7-23bd-4d4d-9770-0b11998514dc/resourcegroups/rg-nwri-jpe-20260709/providers/microsoft.compute/virtualmachines/vm-nwri-dst-jpe/providers/Microsoft.Advisor/recommendations/aed1bb6599aa0fabb5f4615617248ecc37e85dc1c59454f90e7e5331acb34a17"
"Security","Medium",,"Virtual machines and virtual machine scale sets should have encryption at host enabled","Virtual machines and virtual machine scale sets should have encryption at host enabled","Microsoft.Compute/virtualMachines","vm-nwri-dst-jpe","/subscriptions/1acecba7-23bd-4d4d-9770-0b11998514dc/resourcegroups/rg-nwri-jpe-20260709/providers/microsoft.compute/virtualmachines/vm-nwri-dst-jpe","vm-nwri-dst-jpe","Microsoft.Compute/virtualMachines","rg-nwri-jpe-20260709","07/10/2026 06:36:24","df1bacd281b2f08d3e56194a5d3ea385c9b1e852b05a6ebc6966d45137d55329","/subscriptions/1acecba7-23bd-4d4d-9770-0b11998514dc/resourcegroups/rg-nwri-jpe-20260709/providers/microsoft.compute/virtualmachines/vm-nwri-dst-jpe/providers/Microsoft.Advisor/recommendations/df1bacd281b2f08d3e56194a5d3ea385c9b1e852b05a6ebc6966d45137d55329"
"Security","Medium",,"Virtual machines and virtual machine scale sets should have encryption at host enabled","Virtual machines and virtual machine scale sets should have encryption at host enabled","Microsoft.Compute/virtualMachines","vm-nwri-src-jpe","/subscriptions/1acecba7-23bd-4d4d-9770-0b11998514dc/resourcegroups/rg-nwri-jpe-20260709/providers/microsoft.compute/virtualmachines/vm-nwri-src-jpe","vm-nwri-src-jpe","Microsoft.Compute/virtualMachines","rg-nwri-jpe-20260709","07/10/2026 06:36:34","689eb24f8179ce51b867cbc5a5bd63006b5991330f517f7192ab07f18477c365","/subscriptions/1acecba7-23bd-4d4d-9770-0b11998514dc/resourcegroups/rg-nwri-jpe-20260709/providers/microsoft.compute/virtualmachines/vm-nwri-src-jpe/providers/Microsoft.Advisor/recommendations/689eb24f8179ce51b867cbc5a5bd63006b5991330f517f7192ab07f18477c365"
"HighAvailability","Medium",,"Enable Soft Delete to protect your blob data","Enable Soft Delete to protect your blob data","Microsoft.Storage/storageAccounts","nwrilkb2l5f6fuhds","/subscriptions/1acecba7-23bd-4d4d-9770-0b11998514dc/resourcegroups/rg-nwri-jpe-20260709/providers/microsoft.storage/storageaccounts/nwrilkb2l5f6fuhds","nwrilkb2l5f6fuhds","Microsoft.Storage/storageAccounts","rg-nwri-jpe-20260709","07/11/2026 07:00:13","affcb938f39cb89440ba6ae6a6299a43c4a7e0ad0ddf647160d3b3246473235a","/subscriptions/1acecba7-23bd-4d4d-9770-0b11998514dc/resourcegroups/rg-nwri-jpe-20260709/providers/microsoft.storage/storageaccounts/nwrilkb2l5f6fuhds/providers/Microsoft.Advisor/recommendations/affcb938f39cb89440ba6ae6a6299a43c4a7e0ad0ddf647160d3b3246473235a"
"HighAvailability","High",,"Enable zone redundancy for storage accounts to improve high availability and resiliency","Enable zone redundancy for storage accounts to improve high availability and resiliency","MICROSOFT.STORAGE/STORAGEACCOUNTS","nwrilkb2l5f6fuhds","/subscriptions/1acecba7-23bd-4d4d-9770-0b11998514dc/resourcegroups/rg-nwri-jpe-20260709/providers/microsoft.storage/storageaccounts/nwrilkb2l5f6fuhds","nwrilkb2l5f6fuhds","MICROSOFT.STORAGE/STORAGEACCOUNTS","rg-nwri-jpe-20260709","07/11/2026 12:32:52","45cc5e31cfe1d526045816e2bf0c56157eeceac8679816c1706528add7e9c6e5","/subscriptions/1acecba7-23bd-4d4d-9770-0b11998514dc/resourcegroups/rg-nwri-jpe-20260709/providers/microsoft.storage/storageaccounts/nwrilkb2l5f6fuhds/providers/Microsoft.Advisor/recommendations/45cc5e31cfe1d526045816e2bf0c56157eeceac8679816c1706528add7e9c6e5"
"HighAvailability","High",,"Ensure Azure Disks are in the same zone as your VM for higher resiliency and availability","Ensure Azure Disks are in the same zone as your VM for higher resiliency and availability","MICROSOFT.COMPUTE/DISKS","vm-nwri-dst-jpe_disk1_8ab5bd0fba01487db8fdadb3a014522b","/subscriptions/1acecba7-23bd-4d4d-9770-0b11998514dc/resourcegroups/rg-nwri-jpe-20260709/providers/microsoft.compute/disks/vm-nwri-dst-jpe_disk1_8ab5bd0fba01487db8fdadb3a014522b","vm-nwri-dst-jpe_disk1_8ab5bd0fba01487db8fdadb3a014522b","MICROSOFT.COMPUTE/DISKS","rg-nwri-jpe-20260709","07/11/2026 16:48:44","e8c05d0ccdc47b67b4f9e0a95be5e28f19574a879849202d4f06d2ef3cd0caef","/subscriptions/1acecba7-23bd-4d4d-9770-0b11998514dc/resourcegroups/rg-nwri-jpe-20260709/providers/microsoft.compute/disks/vm-nwri-dst-jpe_disk1_8ab5bd0fba01487db8fdadb3a014522b/providers/Microsoft.Advisor/recommendations/e8c05d0ccdc47b67b4f9e0a95be5e28f19574a879849202d4f06d2ef3cd0caef"
"HighAvailability","High",,"Ensure Azure Disks are in the same zone as your VM for higher resiliency and availability","Ensure Azure Disks are in the same zone as your VM for higher resiliency and availability","MICROSOFT.COMPUTE/DISKS","vm-nwri-src-jpe_osdisk_1_cb8a7c294776415f9732b629726f07f6","/subscriptions/1acecba7-23bd-4d4d-9770-0b11998514dc/resourcegroups/rg-nwri-jpe-20260709/providers/microsoft.compute/disks/vm-nwri-src-jpe_osdisk_1_cb8a7c294776415f9732b629726f07f6","vm-nwri-src-jpe_osdisk_1_cb8a7c294776415f9732b629726f07f6","MICROSOFT.COMPUTE/DISKS","rg-nwri-jpe-20260709","07/11/2026 16:49:03","5e99e183ed3fc7631c0c07e0c119ae83c91c62b09dd747d05ca454a4f49175b8","/subscriptions/1acecba7-23bd-4d4d-9770-0b11998514dc/resourcegroups/rg-nwri-jpe-20260709/providers/microsoft.compute/disks/vm-nwri-src-jpe_osdisk_1_cb8a7c294776415f9732b629726f07f6/providers/Microsoft.Advisor/recommendations/5e99e183ed3fc7631c0c07e0c119ae83c91c62b09dd747d05ca454a4f49175b8"
"Security","Medium",,"Machines should have a vulnerability assessment solution","Machines should have a vulnerability assessment solution","Microsoft.Compute/virtualMachines","vm-demo-app-02","/subscriptions/1acecba7-23bd-4d4d-9770-0b11998514dc/resourcegroups/rg-inventory-demo/providers/microsoft.compute/virtualmachines/vm-demo-app-02","vm-demo-app-02","Microsoft.Compute/virtualMachines","rg-inventory-demo","07/11/2026 23:16:12","8405832fc70a8dcaacaa672070a24289b7ac69d33ea3ce87c1d51ef4c5a48c09","/subscriptions/1acecba7-23bd-4d4d-9770-0b11998514dc/resourcegroups/rg-inventory-demo/providers/microsoft.compute/virtualmachines/vm-demo-app-02/providers/Microsoft.Advisor/recommendations/8405832fc70a8dcaacaa672070a24289b7ac69d33ea3ce87c1d51ef4c5a48c09"
"HighAvailability","Medium",,"Use NAT gateway for outbound connectivity","Use NAT gateway for outbound connectivity","MICROSOFT.NETWORK/VIRTUALNETWORKS","vnet-nwri-jpe","/subscriptions/1acecba7-23bd-4d4d-9770-0b11998514dc/resourcegroups/rg-nwri-jpe-20260709/providers/microsoft.network/virtualnetworks/vnet-nwri-jpe","vnet-nwri-jpe","MICROSOFT.NETWORK/VIRTUALNETWORKS","rg-nwri-jpe-20260709","07/12/2026 12:32:48","f1aab53b3ad13f24b749323bb201f65b8ac1c5d5100425a6944804b20d7b08e2","/subscriptions/1acecba7-23bd-4d4d-9770-0b11998514dc/resourcegroups/rg-nwri-jpe-20260709/providers/microsoft.network/virtualnetworks/vnet-nwri-jpe/providers/Microsoft.Advisor/recommendations/f1aab53b3ad13f24b749323bb201f65b8ac1c5d5100425a6944804b20d7b08e2"
"HighAvailability","Medium",,"Use NAT gateway for outbound connectivity","Use NAT gateway for outbound connectivity","MICROSOFT.NETWORK/VIRTUALNETWORKS","vm-pw-ops-dev-jpw-27161vnet","/subscriptions/1acecba7-23bd-4d4d-9770-0b11998514dc/resourcegroups/rg-pw-ops-dev-jpe-27161/providers/microsoft.network/virtualnetworks/vm-pw-ops-dev-jpw-27161vnet","vm-pw-ops-dev-jpw-27161vnet","MICROSOFT.NETWORK/VIRTUALNETWORKS","rg-pw-ops-dev-jpe-27161","07/12/2026 12:32:49","64a5bc18934ad808910e1bd6128e12943e779476991dc3b7a740e19f2ac95776","/subscriptions/1acecba7-23bd-4d4d-9770-0b11998514dc/resourcegroups/rg-pw-ops-dev-jpe-27161/providers/microsoft.network/virtualnetworks/vm-pw-ops-dev-jpw-27161vnet/providers/Microsoft.Advisor/recommendations/64a5bc18934ad808910e1bd6128e12943e779476991dc3b7a740e19f2ac95776"
"Security","Low",,"Virtual networks should be protected by Azure Firewall","Virtual networks should be protected by Azure Firewall","Microsoft.Network/virtualNetworks","vnet-nwri-jpe","/subscriptions/1acecba7-23bd-4d4d-9770-0b11998514dc/resourcegroups/rg-nwri-jpe-20260709/providers/microsoft.network/virtualnetworks/vnet-nwri-jpe","vnet-nwri-jpe","Microsoft.Network/virtualNetworks","rg-nwri-jpe-20260709","07/13/2026 10:11:39","13794fdcd2fba07ae0d6779461758a3eb12a0287d801277aaa4fdc6d7cdb01fa","/subscriptions/1acecba7-23bd-4d4d-9770-0b11998514dc/resourcegroups/rg-nwri-jpe-20260709/providers/microsoft.network/virtualnetworks/vnet-nwri-jpe/providers/Microsoft.Advisor/recommendations/13794fdcd2fba07ae0d6779461758a3eb12a0287d801277aaa4fdc6d7cdb01fa"
"Security","Low",,"Azure Backup should be enabled for virtual machines","Azure Backup should be enabled for virtual machines","Microsoft.Compute/virtualMachines","vm-nwri-dst-jpe","/subscriptions/1acecba7-23bd-4d4d-9770-0b11998514dc/resourcegroups/rg-nwri-jpe-20260709/providers/microsoft.compute/virtualmachines/vm-nwri-dst-jpe","vm-nwri-dst-jpe","Microsoft.Compute/virtualMachines","rg-nwri-jpe-20260709","07/15/2026 05:22:51","8ae9c03b08d03b178f511f1aaff58d5b49d3aadd866a6022edcd0ac392e02b0e","/subscriptions/1acecba7-23bd-4d4d-9770-0b11998514dc/resourcegroups/rg-nwri-jpe-20260709/providers/microsoft.compute/virtualmachines/vm-nwri-dst-jpe/providers/Microsoft.Advisor/recommendations/8ae9c03b08d03b178f511f1aaff58d5b49d3aadd866a6022edcd0ac392e02b0e"
"Security","Low",,"Azure Backup should be enabled for virtual machines","Azure Backup should be enabled for virtual machines","Microsoft.Compute/virtualMachines","vm-nwri-src-jpe","/subscriptions/1acecba7-23bd-4d4d-9770-0b11998514dc/resourcegroups/rg-nwri-jpe-20260709/providers/microsoft.compute/virtualmachines/vm-nwri-src-jpe","vm-nwri-src-jpe","Microsoft.Compute/virtualMachines","rg-nwri-jpe-20260709","07/15/2026 05:22:49","e04a324ae9a1ddf09f718b1222efbbefd071bb8b5c0b15b9c629674b268af35c","/subscriptions/1acecba7-23bd-4d4d-9770-0b11998514dc/resourcegroups/rg-nwri-jpe-20260709/providers/microsoft.compute/virtualmachines/vm-nwri-src-jpe/providers/Microsoft.Advisor/recommendations/e04a324ae9a1ddf09f718b1222efbbefd071bb8b5c0b15b9c629674b268af35c"
"Security","Medium",,"Storage account should use a private link connection","Storage account should use a private link connection","Microsoft.Storage/storageAccounts","nwrilkb2l5f6fuhds","/subscriptions/1acecba7-23bd-4d4d-9770-0b11998514dc/resourcegroups/rg-nwri-jpe-20260709/providers/microsoft.storage/storageaccounts/nwrilkb2l5f6fuhds","nwrilkb2l5f6fuhds","Microsoft.Storage/storageAccounts","rg-nwri-jpe-20260709","07/15/2026 05:34:06","b54eccc2dafdb85aa84383757bb86eabc1949e15be7dea664dbd1a792fe4a1b4","/subscriptions/1acecba7-23bd-4d4d-9770-0b11998514dc/resourcegroups/rg-nwri-jpe-20260709/providers/microsoft.storage/storageaccounts/nwrilkb2l5f6fuhds/providers/Microsoft.Advisor/recommendations/b54eccc2dafdb85aa84383757bb86eabc1949e15be7dea664dbd1a792fe4a1b4"
"Security","Medium",,"Storage accounts should restrict network access using virtual network rules","Storage accounts should restrict network access using virtual network rules","Microsoft.Storage/storageAccounts","nwrilkb2l5f6fuhds","/subscriptions/1acecba7-23bd-4d4d-9770-0b11998514dc/resourcegroups/rg-nwri-jpe-20260709/providers/microsoft.storage/storageaccounts/nwrilkb2l5f6fuhds","nwrilkb2l5f6fuhds","Microsoft.Storage/storageAccounts","rg-nwri-jpe-20260709","07/15/2026 13:08:33","52891f4803c11c69e615fbe0e7975a9aa5168d9c3aa5d50d4e27495dd3ebf64b","/subscriptions/1acecba7-23bd-4d4d-9770-0b11998514dc/resourcegroups/rg-nwri-jpe-20260709/providers/microsoft.storage/storageaccounts/nwrilkb2l5f6fuhds/providers/Microsoft.Advisor/recommendations/52891f4803c11c69e615fbe0e7975a9aa5168d9c3aa5d50d4e27495dd3ebf64b"
"Security","Low",,"Access to storage accounts with firewall and virtual network configurations should be restricted","Access to storage accounts with firewall and virtual network configurations should be restricted","Microsoft.Storage/storageAccounts","nwrilkb2l5f6fuhds","/subscriptions/1acecba7-23bd-4d4d-9770-0b11998514dc/resourcegroups/rg-nwri-jpe-20260709/providers/microsoft.storage/storageaccounts/nwrilkb2l5f6fuhds","nwrilkb2l5f6fuhds","Microsoft.Storage/storageAccounts","rg-nwri-jpe-20260709","07/16/2026 00:35:32","06631e6e7545a0c234aebcf765ec754f0855ff2b1d2de4786617aed38921876f","/subscriptions/1acecba7-23bd-4d4d-9770-0b11998514dc/resourcegroups/rg-nwri-jpe-20260709/providers/microsoft.storage/storageaccounts/nwrilkb2l5f6fuhds/providers/Microsoft.Advisor/recommendations/06631e6e7545a0c234aebcf765ec754f0855ff2b1d2de4786617aed38921876f"
"Security","Medium",,"Guest Configuration extension should be installed on machines","Guest Configuration extension should be installed on machines","Microsoft.Compute/virtualMachines","vm-nwri-src-jpe","/subscriptions/1acecba7-23bd-4d4d-9770-0b11998514dc/resourcegroups/rg-nwri-jpe-20260709/providers/microsoft.compute/virtualmachines/vm-nwri-src-jpe","vm-nwri-src-jpe","Microsoft.Compute/virtualMachines","rg-nwri-jpe-20260709","07/16/2026 05:33:49","fa7e44efa4622cf14fe6f74bfb06fde7fce4a7b91fb5c82eca261a3a9abdaf85","/subscriptions/1acecba7-23bd-4d4d-9770-0b11998514dc/resourcegroups/rg-nwri-jpe-20260709/providers/microsoft.compute/virtualmachines/vm-nwri-src-jpe/providers/Microsoft.Advisor/recommendations/fa7e44efa4622cf14fe6f74bfb06fde7fce4a7b91fb5c82eca261a3a9abdaf85"
"Security","Medium",,"Guest Configuration extension should be installed on machines","Guest Configuration extension should be installed on machines","Microsoft.Compute/virtualMachines","vm-nwri-dst-jpe","/subscriptions/1acecba7-23bd-4d4d-9770-0b11998514dc/resourcegroups/rg-nwri-jpe-20260709/providers/microsoft.compute/virtualmachines/vm-nwri-dst-jpe","vm-nwri-dst-jpe","Microsoft.Compute/virtualMachines","rg-nwri-jpe-20260709","07/16/2026 05:34:04","4263ea42af60140d428aa8b2f586bbdf74b5f6bc3e19e29db00e7333bae36eb4","/subscriptions/1acecba7-23bd-4d4d-9770-0b11998514dc/resourcegroups/rg-nwri-jpe-20260709/providers/microsoft.compute/virtualmachines/vm-nwri-dst-jpe/providers/Microsoft.Advisor/recommendations/4263ea42af60140d428aa8b2f586bbdf74b5f6bc3e19e29db00e7333bae36eb4"
"Security","High",,"Linux virtual machines should enable Azure Disk Encryption or EncryptionAtHost.","Linux virtual machines should enable Azure Disk Encryption or EncryptionAtHost.","Microsoft.Compute/virtualMachines","vm-nwri-dst-jpe","/subscriptions/1acecba7-23bd-4d4d-9770-0b11998514dc/resourcegroups/rg-nwri-jpe-20260709/providers/microsoft.compute/virtualmachines/vm-nwri-dst-jpe","vm-nwri-dst-jpe","Microsoft.Compute/virtualMachines","rg-nwri-jpe-20260709","07/16/2026 10:44:47","047507986add6d6e7e5c78a0702798a889fd9644b417b8db5949229577be3476","/subscriptions/1acecba7-23bd-4d4d-9770-0b11998514dc/resourcegroups/rg-nwri-jpe-20260709/providers/microsoft.compute/virtualmachines/vm-nwri-dst-jpe/providers/Microsoft.Advisor/recommendations/047507986add6d6e7e5c78a0702798a889fd9644b417b8db5949229577be3476"
"Security","High",,"Linux virtual machines should enable Azure Disk Encryption or EncryptionAtHost.","Linux virtual machines should enable Azure Disk Encryption or EncryptionAtHost.","Microsoft.Compute/virtualMachines","vm-nwri-src-jpe","/subscriptions/1acecba7-23bd-4d4d-9770-0b11998514dc/resourcegroups/rg-nwri-jpe-20260709/providers/microsoft.compute/virtualmachines/vm-nwri-src-jpe","vm-nwri-src-jpe","Microsoft.Compute/virtualMachines","rg-nwri-jpe-20260709","07/16/2026 10:44:47","86696776d18ccb6d40e49f54afba267b3f2123bfa785d0ab4eedd8b6f4dfad9c","/subscriptions/1acecba7-23bd-4d4d-9770-0b11998514dc/resourcegroups/rg-nwri-jpe-20260709/providers/microsoft.compute/virtualmachines/vm-nwri-src-jpe/providers/Microsoft.Advisor/recommendations/86696776d18ccb6d40e49f54afba267b3f2123bfa785d0ab4eedd8b6f4dfad9c"
"HighAvailability","High",,"Upgrade to a newer SKU of Virtual Machine image","Upgrade to a newer SKU of Virtual Machine image","MICROSOFT.COMPUTE/VIRTUALMACHINES","vm-amig-appl-001","/subscriptions/1acecba7-23bd-4d4d-9770-0b11998514dc/resourcegroups/rg-migrate-demo-je-001/providers/microsoft.compute/virtualmachines/vm-amig-appl-001","vm-amig-appl-001","MICROSOFT.COMPUTE/VIRTUALMACHINES","rg-migrate-demo-je-001","07/17/2026 10:31:28","5e91679eef9679e15dab85103d846eb63d76b2857d93dd11ef5960e9de46f3e7","/subscriptions/1acecba7-23bd-4d4d-9770-0b11998514dc/resourcegroups/rg-migrate-demo-je-001/providers/microsoft.compute/virtualmachines/vm-amig-appl-001/providers/Microsoft.Advisor/recommendations/5e91679eef9679e15dab85103d846eb63d76b2857d93dd11ef5960e9de46f3e7"
"HighAvailability","High",,"Upgrade to a newer SKU of Virtual Machine image","Upgrade to a newer SKU of Virtual Machine image","MICROSOFT.COMPUTE/VIRTUALMACHINES","vm-amig-win-001","/subscriptions/1acecba7-23bd-4d4d-9770-0b11998514dc/resourcegroups/rg-migrate-demo-je-001/providers/microsoft.compute/virtualmachines/vm-amig-win-001","vm-amig-win-001","MICROSOFT.COMPUTE/VIRTUALMACHINES","rg-migrate-demo-je-001","07/17/2026 10:31:37","e00b3ea48c222a4288756b4025d1433752d02e8e6e05b1902ae4333b21ed6c3c","/subscriptions/1acecba7-23bd-4d4d-9770-0b11998514dc/resourcegroups/rg-migrate-demo-je-001/providers/microsoft.compute/virtualmachines/vm-amig-win-001/providers/Microsoft.Advisor/recommendations/e00b3ea48c222a4288756b4025d1433752d02e8e6e05b1902ae4333b21ed6c3c"
"HighAvailability","Medium",,"Use NAT gateway for outbound connectivity","Use NAT gateway for outbound connectivity","MICROSOFT.NETWORK/VIRTUALNETWORKS","vnet-amig-demo-je-001","/subscriptions/1acecba7-23bd-4d4d-9770-0b11998514dc/resourcegroups/rg-migrate-demo-je-001/providers/microsoft.network/virtualnetworks/vnet-amig-demo-je-001","vnet-amig-demo-je-001","MICROSOFT.NETWORK/VIRTUALNETWORKS","rg-migrate-demo-je-001","07/17/2026 11:12:00","55a9307f60da51db125e9f58b2c66bebf6d3891dc9543f348b3ea815348f0496","/subscriptions/1acecba7-23bd-4d4d-9770-0b11998514dc/resourcegroups/rg-migrate-demo-je-001/providers/microsoft.network/virtualnetworks/vnet-amig-demo-je-001/providers/Microsoft.Advisor/recommendations/55a9307f60da51db125e9f58b2c66bebf6d3891dc9543f348b3ea815348f0496"
"OperationalExcellence","High",,"Enable Trusted Launch foundational excellence, and modern security for Existing Generation 2 VM(s)","Enable Trusted Launch foundational excellence, and modern security for Existing Generation 2 VM(s)","MICROSOFT.COMPUTE/VIRTUALMACHINES","vm-amig-win-001","/subscriptions/1acecba7-23bd-4d4d-9770-0b11998514dc/resourcegroups/rg-migrate-demo-je-001/providers/microsoft.compute/virtualmachines/vm-amig-win-001","vm-amig-win-001","MICROSOFT.COMPUTE/VIRTUALMACHINES","rg-migrate-demo-je-001","07/17/2026 13:59:51","a1a807ab4225018cf77899caef8a5190ce91a812b3efde39a0dae5312216c03b","/subscriptions/1acecba7-23bd-4d4d-9770-0b11998514dc/resourcegroups/rg-migrate-demo-je-001/providers/microsoft.compute/virtualmachines/vm-amig-win-001/providers/Microsoft.Advisor/recommendations/a1a807ab4225018cf77899caef8a5190ce91a812b3efde39a0dae5312216c03b"
"OperationalExcellence","High",,"Enable Trusted Launch foundational excellence, and modern security for Existing Generation 2 VM(s)","Enable Trusted Launch foundational excellence, and modern security for Existing Generation 2 VM(s)","MICROSOFT.COMPUTE/VIRTUALMACHINES","vm-amig-appl-001","/subscriptions/1acecba7-23bd-4d4d-9770-0b11998514dc/resourcegroups/rg-migrate-demo-je-001/providers/microsoft.compute/virtualmachines/vm-amig-appl-001","vm-amig-appl-001","MICROSOFT.COMPUTE/VIRTUALMACHINES","rg-migrate-demo-je-001","07/17/2026 13:59:27","d0f1019d9d31e28bf341899fe9fd0d1c2918c10f015fd9e3556ec8d8a4de4fb7","/subscriptions/1acecba7-23bd-4d4d-9770-0b11998514dc/resourcegroups/rg-migrate-demo-je-001/providers/microsoft.compute/virtualmachines/vm-amig-appl-001/providers/Microsoft.Advisor/recommendations/d0f1019d9d31e28bf341899fe9fd0d1c2918c10f015fd9e3556ec8d8a4de4fb7"
"OperationalExcellence","High",,"Enable Trusted Launch foundational excellence, and modern security for Existing Generation 2 VM(s)","Enable Trusted Launch foundational excellence, and modern security for Existing Generation 2 VM(s)","MICROSOFT.COMPUTE/VIRTUALMACHINES","vm-amig-ubu-001","/subscriptions/1acecba7-23bd-4d4d-9770-0b11998514dc/resourcegroups/rg-migrate-demo-je-001/providers/microsoft.compute/virtualmachines/vm-amig-ubu-001","vm-amig-ubu-001","MICROSOFT.COMPUTE/VIRTUALMACHINES","rg-migrate-demo-je-001","07/17/2026 22:17:39","4c517b76a6196b35b058b6e1a9b60a10fbb792953c80732ac71b53bb207603f4","/subscriptions/1acecba7-23bd-4d4d-9770-0b11998514dc/resourcegroups/rg-migrate-demo-je-001/providers/microsoft.compute/virtualmachines/vm-amig-ubu-001/providers/Microsoft.Advisor/recommendations/4c517b76a6196b35b058b6e1a9b60a10fbb792953c80732ac71b53bb207603f4"
"OperationalExcellence","Medium",,"Enable VM Insights for virtual machines","Enable VM Insights for virtual machines","MICROSOFT.COMPUTE/VIRTUALMACHINES","vm-amig-appl-001","/subscriptions/1acecba7-23bd-4d4d-9770-0b11998514dc/resourcegroups/rg-migrate-demo-je-001/providers/microsoft.compute/virtualmachines/vm-amig-appl-001","vm-amig-appl-001","MICROSOFT.COMPUTE/VIRTUALMACHINES","rg-migrate-demo-je-001","07/18/2026 04:00:25","3fbe26298444aa840bead3b4c41ddcfa182f0949b2e5335a2b953826fc83cad2","/subscriptions/1acecba7-23bd-4d4d-9770-0b11998514dc/resourcegroups/rg-migrate-demo-je-001/providers/microsoft.compute/virtualmachines/vm-amig-appl-001/providers/Microsoft.Advisor/recommendations/3fbe26298444aa840bead3b4c41ddcfa182f0949b2e5335a2b953826fc83cad2"
"OperationalExcellence","Medium",,"Enable VM Insights for virtual machines","Enable VM Insights for virtual machines","MICROSOFT.COMPUTE/VIRTUALMACHINES","vm-amig-ubu-001","/subscriptions/1acecba7-23bd-4d4d-9770-0b11998514dc/resourcegroups/rg-migrate-demo-je-001/providers/microsoft.compute/virtualmachines/vm-amig-ubu-001","vm-amig-ubu-001","MICROSOFT.COMPUTE/VIRTUALMACHINES","rg-migrate-demo-je-001","07/18/2026 03:56:50","8df8290b88af0afb5b0014f9b7c2a4ae18307c18fb86db0bf0a736867089a3dc","/subscriptions/1acecba7-23bd-4d4d-9770-0b11998514dc/resourcegroups/rg-migrate-demo-je-001/providers/microsoft.compute/virtualmachines/vm-amig-ubu-001/providers/Microsoft.Advisor/recommendations/8df8290b88af0afb5b0014f9b7c2a4ae18307c18fb86db0bf0a736867089a3dc"
"OperationalExcellence","Medium",,"Enable VM Insights for virtual machines","Enable VM Insights for virtual machines","MICROSOFT.COMPUTE/VIRTUALMACHINES","vm-amig-win-001","/subscriptions/1acecba7-23bd-4d4d-9770-0b11998514dc/resourcegroups/rg-migrate-demo-je-001/providers/microsoft.compute/virtualmachines/vm-amig-win-001","vm-amig-win-001","MICROSOFT.COMPUTE/VIRTUALMACHINES","rg-migrate-demo-je-001","07/18/2026 03:57:21","d5dda1194a60728b1a36b0feec582999e590afec182088aeabd0375e08a4e12a","/subscriptions/1acecba7-23bd-4d4d-9770-0b11998514dc/resourcegroups/rg-migrate-demo-je-001/providers/microsoft.compute/virtualmachines/vm-amig-win-001/providers/Microsoft.Advisor/recommendations/d5dda1194a60728b1a36b0feec582999e590afec182088aeabd0375e08a4e12a"
"HighAvailability","Medium",,"Migrate workload to Virtual Machine Scale Sets Flex","Migrate workload to Virtual Machine Scale Sets Flex","MICROSOFT.COMPUTE/VIRTUALMACHINES","vm-amig-appl-001","/subscriptions/1acecba7-23bd-4d4d-9770-0b11998514dc/resourcegroups/rg-migrate-demo-je-001/providers/microsoft.compute/virtualmachines/vm-amig-appl-001","vm-amig-appl-001","MICROSOFT.COMPUTE/VIRTUALMACHINES","rg-migrate-demo-je-001","07/18/2026 04:24:48","b1b4f87782a28ad07c4fb9e665574155fb4b423f30aa8341267b0e9779a59d64","/subscriptions/1acecba7-23bd-4d4d-9770-0b11998514dc/resourcegroups/rg-migrate-demo-je-001/providers/microsoft.compute/virtualmachines/vm-amig-appl-001/providers/Microsoft.Advisor/recommendations/b1b4f87782a28ad07c4fb9e665574155fb4b423f30aa8341267b0e9779a59d64"
"HighAvailability","Medium",,"Migrate workload to Virtual Machine Scale Sets Flex","Migrate workload to Virtual Machine Scale Sets Flex","MICROSOFT.COMPUTE/VIRTUALMACHINES","vm-amig-win-001","/subscriptions/1acecba7-23bd-4d4d-9770-0b11998514dc/resourcegroups/rg-migrate-demo-je-001/providers/microsoft.compute/virtualmachines/vm-amig-win-001","vm-amig-win-001","MICROSOFT.COMPUTE/VIRTUALMACHINES","rg-migrate-demo-je-001","07/18/2026 04:26:30","40d6205e5dc64e9d71ba5d992fdc3b9d06c061759c25fc7deb3fbeaebcfb3aaf","/subscriptions/1acecba7-23bd-4d4d-9770-0b11998514dc/resourcegroups/rg-migrate-demo-je-001/providers/microsoft.compute/virtualmachines/vm-amig-win-001/providers/Microsoft.Advisor/recommendations/40d6205e5dc64e9d71ba5d992fdc3b9d06c061759c25fc7deb3fbeaebcfb3aaf"
"HighAvailability","Medium",,"Migrate workload to Virtual Machine Scale Sets Flex","Migrate workload to Virtual Machine Scale Sets Flex","MICROSOFT.COMPUTE/VIRTUALMACHINES","vm-amig-ubu-001","/subscriptions/1acecba7-23bd-4d4d-9770-0b11998514dc/resourcegroups/rg-migrate-demo-je-001/providers/microsoft.compute/virtualmachines/vm-amig-ubu-001","vm-amig-ubu-001","MICROSOFT.COMPUTE/VIRTUALMACHINES","rg-migrate-demo-je-001","07/18/2026 04:28:54","bbd52c3d5477f3600938652990146af9585ae8875dec7266f623e51866cda636","/subscriptions/1acecba7-23bd-4d4d-9770-0b11998514dc/resourcegroups/rg-migrate-demo-je-001/providers/microsoft.compute/virtualmachines/vm-amig-ubu-001/providers/Microsoft.Advisor/recommendations/bbd52c3d5477f3600938652990146af9585ae8875dec7266f623e51866cda636"
"HighAvailability","High",,"Ensure Azure Disks are in the same zone as your VM for higher resiliency and availability","Ensure Azure Disks are in the same zone as your VM for higher resiliency and availability","MICROSOFT.COMPUTE/DISKS","vm-amig-win-001_osdisk_1_e77733f43d73447c939ab324885f5576","/subscriptions/1acecba7-23bd-4d4d-9770-0b11998514dc/resourcegroups/rg-migrate-demo-je-001/providers/microsoft.compute/disks/vm-amig-win-001_osdisk_1_e77733f43d73447c939ab324885f5576","vm-amig-win-001_osdisk_1_e77733f43d73447c939ab324885f5576","MICROSOFT.COMPUTE/DISKS","rg-migrate-demo-je-001","07/18/2026 09:38:19","f056d36e3eed96825883babfd56fab6d0dc3ecdd7924645c1fe50809a7a78af2","/subscriptions/1acecba7-23bd-4d4d-9770-0b11998514dc/resourcegroups/rg-migrate-demo-je-001/providers/microsoft.compute/disks/vm-amig-win-001_osdisk_1_e77733f43d73447c939ab324885f5576/providers/Microsoft.Advisor/recommendations/f056d36e3eed96825883babfd56fab6d0dc3ecdd7924645c1fe50809a7a78af2"
"HighAvailability","High",,"Ensure Azure Disks are in the same zone as your VM for higher resiliency and availability","Ensure Azure Disks are in the same zone as your VM for higher resiliency and availability","MICROSOFT.COMPUTE/DISKS","vm-amig-appl-001_osdisk_1_3fd7cd07011d42d5aeadf6e73f59f7db","/subscriptions/1acecba7-23bd-4d4d-9770-0b11998514dc/resourcegroups/rg-migrate-demo-je-001/providers/microsoft.compute/disks/vm-amig-appl-001_osdisk_1_3fd7cd07011d42d5aeadf6e73f59f7db","vm-amig-appl-001_osdisk_1_3fd7cd07011d42d5aeadf6e73f59f7db","MICROSOFT.COMPUTE/DISKS","rg-migrate-demo-je-001","07/18/2026 09:38:19","7fb894476b1c58ce73385605c807ed5da188f0f3b3c787c705142d4f14a5f947","/subscriptions/1acecba7-23bd-4d4d-9770-0b11998514dc/resourcegroups/rg-migrate-demo-je-001/providers/microsoft.compute/disks/vm-amig-appl-001_osdisk_1_3fd7cd07011d42d5aeadf6e73f59f7db/providers/Microsoft.Advisor/recommendations/7fb894476b1c58ce73385605c807ed5da188f0f3b3c787c705142d4f14a5f947"
"HighAvailability","High",,"Ensure Azure Disks are in the same zone as your VM for higher resiliency and availability","Ensure Azure Disks are in the same zone as your VM for higher resiliency and availability","MICROSOFT.COMPUTE/DISKS","vm-amig-ubu-001_osdisk_1_0c28a750701d4b0c8946f4c29b24cf06","/subscriptions/1acecba7-23bd-4d4d-9770-0b11998514dc/resourcegroups/rg-migrate-demo-je-001/providers/microsoft.compute/disks/vm-amig-ubu-001_osdisk_1_0c28a750701d4b0c8946f4c29b24cf06","vm-amig-ubu-001_osdisk_1_0c28a750701d4b0c8946f4c29b24cf06","MICROSOFT.COMPUTE/DISKS","rg-migrate-demo-je-001","07/18/2026 09:38:15","7b5c19af394304bcfb52dd77aa99206cf434c555d3b04702e1b6d69079f06079","/subscriptions/1acecba7-23bd-4d4d-9770-0b11998514dc/resourcegroups/rg-migrate-demo-je-001/providers/microsoft.compute/disks/vm-amig-ubu-001_osdisk_1_0c28a750701d4b0c8946f4c29b24cf06/providers/Microsoft.Advisor/recommendations/7b5c19af394304bcfb52dd77aa99206cf434c555d3b04702e1b6d69079f06079"
"HighAvailability","High",,"Enable zone redundancy for storage accounts to improve high availability and resiliency","Enable zone redundancy for storage accounts to improve high availability and resiliency","MICROSOFT.STORAGE/STORAGEACCOUNTS","stamiguctnhzjq4unu2","/subscriptions/1acecba7-23bd-4d4d-9770-0b11998514dc/resourcegroups/rg-migrate-demo-je-001/providers/microsoft.storage/storageaccounts/stamiguctnhzjq4unu2","stamiguctnhzjq4unu2","MICROSOFT.STORAGE/STORAGEACCOUNTS","rg-migrate-demo-je-001","07/18/2026 12:33:30","55e94aaf0f193807513d76ddc8a96909d6f918c848cf4b57b25198cf2ef859cf","/subscriptions/1acecba7-23bd-4d4d-9770-0b11998514dc/resourcegroups/rg-migrate-demo-je-001/providers/microsoft.storage/storageaccounts/stamiguctnhzjq4unu2/providers/Microsoft.Advisor/recommendations/55e94aaf0f193807513d76ddc8a96909d6f918c848cf4b57b25198cf2ef859cf"
"HighAvailability","Medium",,"Migrate Standard HDD OS Disks to SSD","Migrate Standard HDD OS Disks to SSD","MICROSOFT.COMPUTE/DISKS","vm-amig-ubu-001_osdisk_1_0c28a750701d4b0c8946f4c29b24cf06","/subscriptions/1acecba7-23bd-4d4d-9770-0b11998514dc/resourcegroups/rg-migrate-demo-je-001/providers/microsoft.compute/disks/vm-amig-ubu-001_osdisk_1_0c28a750701d4b0c8946f4c29b24cf06","vm-amig-ubu-001_osdisk_1_0c28a750701d4b0c8946f4c29b24cf06","MICROSOFT.COMPUTE/DISKS","rg-migrate-demo-je-001","07/18/2026 12:57:11","2ce409f836b056ef240f426f9b1ef2fb541d81d94445f346731764b88ae42a3a","/subscriptions/1acecba7-23bd-4d4d-9770-0b11998514dc/resourcegroups/rg-migrate-demo-je-001/providers/microsoft.compute/disks/vm-amig-ubu-001_osdisk_1_0c28a750701d4b0c8946f4c29b24cf06/providers/Microsoft.Advisor/recommendations/2ce409f836b056ef240f426f9b1ef2fb541d81d94445f346731764b88ae42a3a"
"HighAvailability","Medium",,"Migrate Standard HDD OS Disks to SSD","Migrate Standard HDD OS Disks to SSD","MICROSOFT.COMPUTE/DISKS","vm-amig-appl-001_osdisk_1_3fd7cd07011d42d5aeadf6e73f59f7db","/subscriptions/1acecba7-23bd-4d4d-9770-0b11998514dc/resourcegroups/rg-migrate-demo-je-001/providers/microsoft.compute/disks/vm-amig-appl-001_osdisk_1_3fd7cd07011d42d5aeadf6e73f59f7db","vm-amig-appl-001_osdisk_1_3fd7cd07011d42d5aeadf6e73f59f7db","MICROSOFT.COMPUTE/DISKS","rg-migrate-demo-je-001","07/18/2026 12:57:14","936cd43a9aaa6df535f3c787bda2f709281f410b9b649f7673ec3c710ba78f25","/subscriptions/1acecba7-23bd-4d4d-9770-0b11998514dc/resourcegroups/rg-migrate-demo-je-001/providers/microsoft.compute/disks/vm-amig-appl-001_osdisk_1_3fd7cd07011d42d5aeadf6e73f59f7db/providers/Microsoft.Advisor/recommendations/936cd43a9aaa6df535f3c787bda2f709281f410b9b649f7673ec3c710ba78f25"
"HighAvailability","Medium",,"Migrate Standard HDD OS Disks to SSD","Migrate Standard HDD OS Disks to SSD","MICROSOFT.COMPUTE/DISKS","vm-amig-win-001_osdisk_1_e77733f43d73447c939ab324885f5576","/subscriptions/1acecba7-23bd-4d4d-9770-0b11998514dc/resourcegroups/rg-migrate-demo-je-001/providers/microsoft.compute/disks/vm-amig-win-001_osdisk_1_e77733f43d73447c939ab324885f5576","vm-amig-win-001_osdisk_1_e77733f43d73447c939ab324885f5576","MICROSOFT.COMPUTE/DISKS","rg-migrate-demo-je-001","07/18/2026 12:57:14","d1a02a8d980a8a59fafe8dee5a495b5fb7077038489e297fa7caf2d021351b18","/subscriptions/1acecba7-23bd-4d4d-9770-0b11998514dc/resourcegroups/rg-migrate-demo-je-001/providers/microsoft.compute/disks/vm-amig-win-001_osdisk_1_e77733f43d73447c939ab324885f5576/providers/Microsoft.Advisor/recommendations/d1a02a8d980a8a59fafe8dee5a495b5fb7077038489e297fa7caf2d021351b18"
"HighAvailability","Medium",,"Enable Soft Delete to protect your blob data","Enable Soft Delete to protect your blob data","Microsoft.Storage/storageAccounts","stamiguctnhzjq4unu2","/subscriptions/1acecba7-23bd-4d4d-9770-0b11998514dc/resourcegroups/rg-migrate-demo-je-001/providers/microsoft.storage/storageaccounts/stamiguctnhzjq4unu2","stamiguctnhzjq4unu2","Microsoft.Storage/storageAccounts","rg-migrate-demo-je-001","07/19/2026 06:18:55","a611e2d5db699b26739b0ed3b08a571c218fcf8d3ceda4c13afe240f0a610fa2","/subscriptions/1acecba7-23bd-4d4d-9770-0b11998514dc/resourcegroups/rg-migrate-demo-je-001/providers/microsoft.storage/storageaccounts/stamiguctnhzjq4unu2/providers/Microsoft.Advisor/recommendations/a611e2d5db699b26739b0ed3b08a571c218fcf8d3ceda4c13afe240f0a610fa2"
"Security","Medium",,"Guest Configuration extension should be installed on machines","Guest Configuration extension should be installed on machines","Microsoft.Compute/virtualMachines","vm-amig-ubu-001","/subscriptions/1acecba7-23bd-4d4d-9770-0b11998514dc/resourcegroups/rg-migrate-demo-je-001/providers/microsoft.compute/virtualmachines/vm-amig-ubu-001","vm-amig-ubu-001","Microsoft.Compute/virtualMachines","rg-migrate-demo-je-001","07/20/2026 02:59:28","4a645c82a72d53501830d5670e6b434cafb6f30b88922bf5e36870eacfac2ac4","/subscriptions/1acecba7-23bd-4d4d-9770-0b11998514dc/resourcegroups/rg-migrate-demo-je-001/providers/microsoft.compute/virtualmachines/vm-amig-ubu-001/providers/Microsoft.Advisor/recommendations/4a645c82a72d53501830d5670e6b434cafb6f30b88922bf5e36870eacfac2ac4"
"Security","Medium",,"Guest Configuration extension should be installed on machines","Guest Configuration extension should be installed on machines","Microsoft.Compute/virtualMachines","vm-amig-win-001","/subscriptions/1acecba7-23bd-4d4d-9770-0b11998514dc/resourcegroups/rg-migrate-demo-je-001/providers/microsoft.compute/virtualmachines/vm-amig-win-001","vm-amig-win-001","Microsoft.Compute/virtualMachines","rg-migrate-demo-je-001","07/20/2026 02:59:34","d27c54c91e88a2aaa4b7be2ad1aca7497e788ced0bb8140b25818edab9cfd8ab","/subscriptions/1acecba7-23bd-4d4d-9770-0b11998514dc/resourcegroups/rg-migrate-demo-je-001/providers/microsoft.compute/virtualmachines/vm-amig-win-001/providers/Microsoft.Advisor/recommendations/d27c54c91e88a2aaa4b7be2ad1aca7497e788ced0bb8140b25818edab9cfd8ab"
"Security","Medium",,"Guest Configuration extension should be installed on machines","Guest Configuration extension should be installed on machines","Microsoft.Compute/virtualMachines","vm-amig-appl-001","/subscriptions/1acecba7-23bd-4d4d-9770-0b11998514dc/resourcegroups/rg-migrate-demo-je-001/providers/microsoft.compute/virtualmachines/vm-amig-appl-001","vm-amig-appl-001","Microsoft.Compute/virtualMachines","rg-migrate-demo-je-001","07/20/2026 02:59:34","fce7b5318c80587bb67e38101cb5517c22e90d9387f377248fb3387a2908d2bb","/subscriptions/1acecba7-23bd-4d4d-9770-0b11998514dc/resourcegroups/rg-migrate-demo-je-001/providers/microsoft.compute/virtualmachines/vm-amig-appl-001/providers/Microsoft.Advisor/recommendations/fce7b5318c80587bb67e38101cb5517c22e90d9387f377248fb3387a2908d2bb"
"Security","Medium",,"Storage accounts should restrict network access using virtual network rules","Storage accounts should restrict network access using virtual network rules","Microsoft.Storage/storageAccounts","stamiguctnhzjq4unu2","/subscriptions/1acecba7-23bd-4d4d-9770-0b11998514dc/resourcegroups/rg-migrate-demo-je-001/providers/microsoft.storage/storageaccounts/stamiguctnhzjq4unu2","stamiguctnhzjq4unu2","Microsoft.Storage/storageAccounts","rg-migrate-demo-je-001","07/20/2026 20:13:16","806aac4467225264a5d219f13b2daf70198bc4f97ae7ca08c73029606709952a","/subscriptions/1acecba7-23bd-4d4d-9770-0b11998514dc/resourcegroups/rg-migrate-demo-je-001/providers/microsoft.storage/storageaccounts/stamiguctnhzjq4unu2/providers/Microsoft.Advisor/recommendations/806aac4467225264a5d219f13b2daf70198bc4f97ae7ca08c73029606709952a"
"Security","Medium",,"Storage account should use a private link connection","Storage account should use a private link connection","Microsoft.Storage/storageAccounts","stamiguctnhzjq4unu2","/subscriptions/1acecba7-23bd-4d4d-9770-0b11998514dc/resourcegroups/rg-migrate-demo-je-001/providers/microsoft.storage/storageaccounts/stamiguctnhzjq4unu2","stamiguctnhzjq4unu2","Microsoft.Storage/storageAccounts","rg-migrate-demo-je-001","07/20/2026 21:24:13","8151f98d33e95b50a6903f06222b981036fd5eafec44136e74ccb79302025a58","/subscriptions/1acecba7-23bd-4d4d-9770-0b11998514dc/resourcegroups/rg-migrate-demo-je-001/providers/microsoft.storage/storageaccounts/stamiguctnhzjq4unu2/providers/Microsoft.Advisor/recommendations/8151f98d33e95b50a6903f06222b981036fd5eafec44136e74ccb79302025a58"
"Security","Low",,"Virtual networks should be protected by Azure Firewall","Virtual networks should be protected by Azure Firewall","Microsoft.Network/virtualNetworks","vnet-amig-demo-je-001","/subscriptions/1acecba7-23bd-4d4d-9770-0b11998514dc/resourcegroups/rg-migrate-demo-je-001/providers/microsoft.network/virtualnetworks/vnet-amig-demo-je-001","vnet-amig-demo-je-001","Microsoft.Network/virtualNetworks","rg-migrate-demo-je-001","07/20/2026 22:43:00","c12aeb380748b17192ce7d676ef7340320333038272d784778c05ec1691e6cf2","/subscriptions/1acecba7-23bd-4d4d-9770-0b11998514dc/resourcegroups/rg-migrate-demo-je-001/providers/microsoft.network/virtualnetworks/vnet-amig-demo-je-001/providers/Microsoft.Advisor/recommendations/c12aeb380748b17192ce7d676ef7340320333038272d784778c05ec1691e6cf2"
"Security","High",,"Linux virtual machines should enable Azure Disk Encryption or EncryptionAtHost.","Linux virtual machines should enable Azure Disk Encryption or EncryptionAtHost.","Microsoft.Compute/virtualMachines","vm-amig-ubu-001","/subscriptions/1acecba7-23bd-4d4d-9770-0b11998514dc/resourcegroups/rg-migrate-demo-je-001/providers/microsoft.compute/virtualmachines/vm-amig-ubu-001","vm-amig-ubu-001","Microsoft.Compute/virtualMachines","rg-migrate-demo-je-001","07/20/2026 23:10:25","5ad5de7902a4bdb3eca66e9774353523d18ed1ce3cd11b517db90ec272f6511b","/subscriptions/1acecba7-23bd-4d4d-9770-0b11998514dc/resourcegroups/rg-migrate-demo-je-001/providers/microsoft.compute/virtualmachines/vm-amig-ubu-001/providers/Microsoft.Advisor/recommendations/5ad5de7902a4bdb3eca66e9774353523d18ed1ce3cd11b517db90ec272f6511b"
"Security","High",,"Windows virtual machines should enable Azure Disk Encryption or EncryptionAtHost.","Windows virtual machines should enable Azure Disk Encryption or EncryptionAtHost.","Microsoft.Compute/virtualMachines","vm-amig-appl-001","/subscriptions/1acecba7-23bd-4d4d-9770-0b11998514dc/resourcegroups/rg-migrate-demo-je-001/providers/microsoft.compute/virtualmachines/vm-amig-appl-001","vm-amig-appl-001","Microsoft.Compute/virtualMachines","rg-migrate-demo-je-001","07/20/2026 23:12:51","e177ea611ec787267f86a67040a9a61992886e04c766a47c74ecd80e41151145","/subscriptions/1acecba7-23bd-4d4d-9770-0b11998514dc/resourcegroups/rg-migrate-demo-je-001/providers/microsoft.compute/virtualmachines/vm-amig-appl-001/providers/Microsoft.Advisor/recommendations/e177ea611ec787267f86a67040a9a61992886e04c766a47c74ecd80e41151145"
"Security","High",,"Windows virtual machines should enable Azure Disk Encryption or EncryptionAtHost.","Windows virtual machines should enable Azure Disk Encryption or EncryptionAtHost.","Microsoft.Compute/virtualMachines","vm-amig-win-001","/subscriptions/1acecba7-23bd-4d4d-9770-0b11998514dc/resourcegroups/rg-migrate-demo-je-001/providers/microsoft.compute/virtualmachines/vm-amig-win-001","vm-amig-win-001","Microsoft.Compute/virtualMachines","rg-migrate-demo-je-001","07/20/2026 23:12:53","7f3fb3041fefa66ac17113404b83364b2687fd1acc15d19a8257bd13e148cc26","/subscriptions/1acecba7-23bd-4d4d-9770-0b11998514dc/resourcegroups/rg-migrate-demo-je-001/providers/microsoft.compute/virtualmachines/vm-amig-win-001/providers/Microsoft.Advisor/recommendations/7f3fb3041fefa66ac17113404b83364b2687fd1acc15d19a8257bd13e148cc26"
"Security","Low",,"Access to storage accounts with firewall and virtual network configurations should be restricted","Access to storage accounts with firewall and virtual network configurations should be restricted","Microsoft.Storage/storageAccounts","stamiguctnhzjq4unu2","/subscriptions/1acecba7-23bd-4d4d-9770-0b11998514dc/resourcegroups/rg-migrate-demo-je-001/providers/microsoft.storage/storageaccounts/stamiguctnhzjq4unu2","stamiguctnhzjq4unu2","Microsoft.Storage/storageAccounts","rg-migrate-demo-je-001","07/20/2026 23:49:04","8c0e40638f091ded60100bfceb9909a70934e5f255271d45d88ea5f35f87d37b","/subscriptions/1acecba7-23bd-4d4d-9770-0b11998514dc/resourcegroups/rg-migrate-demo-je-001/providers/microsoft.storage/storageaccounts/stamiguctnhzjq4unu2/providers/Microsoft.Advisor/recommendations/8c0e40638f091ded60100bfceb9909a70934e5f255271d45d88ea5f35f87d37b"
"Security","Low",,"Azure Backup should be enabled for virtual machines","Azure Backup should be enabled for virtual machines","Microsoft.Compute/virtualMachines","vm-amig-ubu-001","/subscriptions/1acecba7-23bd-4d4d-9770-0b11998514dc/resourcegroups/rg-migrate-demo-je-001/providers/microsoft.compute/virtualmachines/vm-amig-ubu-001","vm-amig-ubu-001","Microsoft.Compute/virtualMachines","rg-migrate-demo-je-001","07/21/2026 05:17:03","c82bc07241cb1436029aa4825705e35265fbdb1693b572a4160b9ee34fadea77","/subscriptions/1acecba7-23bd-4d4d-9770-0b11998514dc/resourcegroups/rg-migrate-demo-je-001/providers/microsoft.compute/virtualmachines/vm-amig-ubu-001/providers/Microsoft.Advisor/recommendations/c82bc07241cb1436029aa4825705e35265fbdb1693b572a4160b9ee34fadea77"
"Security","Low",,"Azure Backup should be enabled for virtual machines","Azure Backup should be enabled for virtual machines","Microsoft.Compute/virtualMachines","vm-amig-appl-001","/subscriptions/1acecba7-23bd-4d4d-9770-0b11998514dc/resourcegroups/rg-migrate-demo-je-001/providers/microsoft.compute/virtualmachines/vm-amig-appl-001","vm-amig-appl-001","Microsoft.Compute/virtualMachines","rg-migrate-demo-je-001","07/21/2026 05:17:06","dedce1a238b380086d440f09bf980c9dfa8e3280bb869cb9738503dd517c3c4e","/subscriptions/1acecba7-23bd-4d4d-9770-0b11998514dc/resourcegroups/rg-migrate-demo-je-001/providers/microsoft.compute/virtualmachines/vm-amig-appl-001/providers/Microsoft.Advisor/recommendations/dedce1a238b380086d440f09bf980c9dfa8e3280bb869cb9738503dd517c3c4e"
"Security","Low",,"Azure Backup should be enabled for virtual machines","Azure Backup should be enabled for virtual machines","Microsoft.Compute/virtualMachines","vm-amig-win-001","/subscriptions/1acecba7-23bd-4d4d-9770-0b11998514dc/resourcegroups/rg-migrate-demo-je-001/providers/microsoft.compute/virtualmachines/vm-amig-win-001","vm-amig-win-001","Microsoft.Compute/virtualMachines","rg-migrate-demo-je-001","07/21/2026 05:17:06","f5c98e658d68b657f933e81d5b54ba745a9b3186f1f0e5dd134b3cdf0e4aa020","/subscriptions/1acecba7-23bd-4d4d-9770-0b11998514dc/resourcegroups/rg-migrate-demo-je-001/providers/microsoft.compute/virtualmachines/vm-amig-win-001/providers/Microsoft.Advisor/recommendations/f5c98e658d68b657f933e81d5b54ba745a9b3186f1f0e5dd134b3cdf0e4aa020"
"Security","Medium",,"Virtual machines and virtual machine scale sets should have encryption at host enabled","Virtual machines and virtual machine scale sets should have encryption at host enabled","Microsoft.Compute/virtualMachines","vm-amig-win-001","/subscriptions/1acecba7-23bd-4d4d-9770-0b11998514dc/resourcegroups/rg-migrate-demo-je-001/providers/microsoft.compute/virtualmachines/vm-amig-win-001","vm-amig-win-001","Microsoft.Compute/virtualMachines","rg-migrate-demo-je-001","07/21/2026 05:44:41","84b618e3959a6573a2ce268489ae2a981ce07b4d1593f268b11f031655d68da6","/subscriptions/1acecba7-23bd-4d4d-9770-0b11998514dc/resourcegroups/rg-migrate-demo-je-001/providers/microsoft.compute/virtualmachines/vm-amig-win-001/providers/Microsoft.Advisor/recommendations/84b618e3959a6573a2ce268489ae2a981ce07b4d1593f268b11f031655d68da6"
"Security","Medium",,"Virtual machines and virtual machine scale sets should have encryption at host enabled","Virtual machines and virtual machine scale sets should have encryption at host enabled","Microsoft.Compute/virtualMachines","vm-amig-ubu-001","/subscriptions/1acecba7-23bd-4d4d-9770-0b11998514dc/resourcegroups/rg-migrate-demo-je-001/providers/microsoft.compute/virtualmachines/vm-amig-ubu-001","vm-amig-ubu-001","Microsoft.Compute/virtualMachines","rg-migrate-demo-je-001","07/21/2026 05:44:42","f384a279f5b2f58833fd5d0236e8290aabc7ac7eee323a09ac032814ef4f74f8","/subscriptions/1acecba7-23bd-4d4d-9770-0b11998514dc/resourcegroups/rg-migrate-demo-je-001/providers/microsoft.compute/virtualmachines/vm-amig-ubu-001/providers/Microsoft.Advisor/recommendations/f384a279f5b2f58833fd5d0236e8290aabc7ac7eee323a09ac032814ef4f74f8"
"Security","Medium",,"Virtual machines and virtual machine scale sets should have encryption at host enabled","Virtual machines and virtual machine scale sets should have encryption at host enabled","Microsoft.Compute/virtualMachines","vm-amig-appl-001","/subscriptions/1acecba7-23bd-4d4d-9770-0b11998514dc/resourcegroups/rg-migrate-demo-je-001/providers/microsoft.compute/virtualmachines/vm-amig-appl-001","vm-amig-appl-001","Microsoft.Compute/virtualMachines","rg-migrate-demo-je-001","07/21/2026 05:44:42","dbae0a3556c16e6d4a05f98642a257678552de69519b74a523229a605ae6f034","/subscriptions/1acecba7-23bd-4d4d-9770-0b11998514dc/resourcegroups/rg-migrate-demo-je-001/providers/microsoft.compute/virtualmachines/vm-amig-appl-001/providers/Microsoft.Advisor/recommendations/dbae0a3556c16e6d4a05f98642a257678552de69519b74a523229a605ae6f034"
"Security","Medium",,"Machines should have a vulnerability assessment solution","Machines should have a vulnerability assessment solution","Microsoft.Compute/virtualMachines","vm-pw-ops-dev-jpw-27161","/subscriptions/1acecba7-23bd-4d4d-9770-0b11998514dc/resourcegroups/rg-pw-ops-dev-jpe-27161/providers/microsoft.compute/virtualmachines/vm-pw-ops-dev-jpw-27161","vm-pw-ops-dev-jpw-27161","Microsoft.Compute/virtualMachines","rg-pw-ops-dev-jpe-27161","08/04/2026 10:47:27","d14020cd46020f6eb7b88c19d03aedd9a77b09d595a67a234c0fe8e73f235f5a","/subscriptions/1acecba7-23bd-4d4d-9770-0b11998514dc/resourcegroups/rg-pw-ops-dev-jpe-27161/providers/microsoft.compute/virtualmachines/vm-pw-ops-dev-jpw-27161/providers/Microsoft.Advisor/recommendations/d14020cd46020f6eb7b88c19d03aedd9a77b09d595a67a234c0fe8e73f235f5a"
